{
  "Format": "2.0.0",
  
    "ConfigSchema": { 
	"Monster Pet": {
		"AllowValues": "Big Slime, Slime, Mine Bugs, Undead, Dust Spirit, Ghost, FireRex, Shadows, Serpent",
        "AllowMultiple": true,
	    "Default": "Big Slime, Slime, Mine Bugs",
	    "Description": ""},
    },
	
    "Changes": [
    //Big Slimes
        {
        "Action": "Include",
        "FromFile": "assets/Breeds/BigSlimes.json",
		"When": {"Monster Pet": "Big Slime"},
        },
	//Slimes
		{
        "Action": "Include",
        "FromFile": "assets/Breeds/Slimes.json",
		"When": {"Monster Pet": "Slime"},
        },
	//Mine Bugs
		{
        "Action": "Include",
        "FromFile": "assets/Breeds/MineBugs.json",
		"When": {"Monster Pet": "Mine Bugs"},
        },
	//Undead
		{
        "Action": "Include",
        "FromFile": "assets/Breeds/Undead.json",
		"When": {"Monster Pet": "Undead"},
        },
	//FireRex
		{
        "Action": "Include",
        "FromFile": "assets/Breeds/FireRex.json",
		"When": {"Monster Pet": "FireRex"},
        },
	//Ghost
		{
        "Action": "Include",
        "FromFile": "assets/Breeds/Ghost.json",
		"When": {"Monster Pet": "Ghost"},
        },
	//Shadows
		{
        "Action": "Include",
        "FromFile": "assets/Breeds/Shadows.json",
		"When": {"Monster Pet": "Shadows"},
        },
	//Serpent
		{
        "Action": "Include",
        "FromFile": "assets/Breeds/Serpent.json",
		"When": {"Monster Pet": "Serpent"},
        },
		
    //Load Images
        {
        "LogName": "Load images",
        "Action": "Load",
        "Target": "Mods\\Juanpa98ar.MP.MonsterPets\\BigSlime, Mods\\Juanpa98ar.MP.MonsterPets\\BlueBigSlime, Mods\\Juanpa98ar.MP.MonsterPets\\PurpleBigSlime, Mods\\Juanpa98ar.MP.MonsterPets\\RedBigSlime, Mods\\Juanpa98ar.MP.MonsterPets\\BlackSlime, Mods\\Juanpa98ar.MP.MonsterPets\\FrostSlime, Mods\\Juanpa98ar.MP.MonsterPets\\GreenSlime, Mods\\Juanpa98ar.MP.MonsterPets\\PurpleSlime, Mods\\Juanpa98ar.MP.MonsterPets\\RedSlime, Mods\\Juanpa98ar.MP.MonsterPets\\YellowSlime, Mods\\Juanpa98ar.MP.MonsterPets\\BlueSquid, Mods\\Juanpa98ar.MP.MonsterPets\\Bug, Mods\\Juanpa98ar.MP.MonsterPets\\Duggy, Mods\\Juanpa98ar.MP.MonsterPets\\Fly, Mods\\Juanpa98ar.MP.MonsterPets\\Grub, Mods\\Juanpa98ar.MP.MonsterPets\\RockCrab, Mods\\Juanpa98ar.MP.MonsterPets\\Spider, Mods\\Juanpa98ar.MP.MonsterPets\\SquidKid, Mods\\Juanpa98ar.MP.MonsterPets\\HauntedSkull, Mods\\Juanpa98ar.MP.MonsterPets\\MetalHead, Mods\\Juanpa98ar.MP.MonsterPets\\Mummy, Mods\\Juanpa98ar.MP.MonsterPets\\Skeleton, Mods\\Juanpa98ar.MP.MonsterPets\\DustSpirit, Mods\\Juanpa98ar.MP.MonsterPets\\Ghost, Mods\\Juanpa98ar.MP.MonsterPets\\PepperRex, Mods\\Juanpa98ar.MP.MonsterPets\\MagmaSprite, Mods\\Juanpa98ar.MP.MonsterPets\\ShadowBrute, Mods\\Juanpa98ar.MP.MonsterPets\\ShadowGirl, Mods\\Juanpa98ar.MP.MonsterPets\\Serpent, Mods\\Juanpa98ar.MP.MonsterPets\\icons",
        "FromFile": "assets/{{TargetWithoutPath}}.png"
        },
    ]
}