{
	"Name": "Crow_Friendly_WA",
	"Type": "Walking",
	"EnableSpawnAtDayStart": false,
	"EnableCharacterCollision": false,
	"EnableFarmerCollision": false,
	"TravelSpeed": 3,
	"MaxIdleDistance": -1,
	"MaxDistanceBeforeTeleport": -1,
	"IdleBehavior": "Wander",
	"FrameSizeWidth": 32,
	"FrameSizeHeight": 32,

	// This plays when the companion travels upwards
	"UpAnimation": {
		"StartingFrame": 8,
		"NumberOfFrames": 4,
		"Duration": 100,
    "IdleAnimation": {
		"ManualFrames": [
		{
        "Frame": 8,
        "Duration": 100,
		},
		{
        "Frame": 9,
        "Duration": 100,
		},
		{
        "Frame": 10,
        "Duration": 100,
		},
		{
        "Frame": 11,
        "Duration": 100,
		},
		{
        "Frame": 8,
        "Duration": 100,
		},
		{
        "Frame": 28,
        "Duration": 150,
		},
		{
        "Frame": 29,
        "Duration": 150,
		},
		{
        "Frame": 30,
        "Duration": 150,
		},
		{
        "Frame": 31,
        "Duration": 1000,
		},
		{
        "Frame": 32,
        "Duration": 150,
		},
		{
        "Frame": 33,
        "Duration": 500,
		},
		{
        "Frame": 34,
        "Duration": 500,
		},
		{
        "Frame": 33,
        "Duration": 500,
		},
		{
        "Frame": 34,
        "Duration": 500,
		},
		{
        "Frame": 33,
        "Duration": 500,
		},
		{
        "Frame": 34,
        "Duration": 500,
		},
		{
        "Frame": 33,
        "Duration": 500,
		},
		{
        "Frame": 32,
        "Duration": 150,
		},
		{
        "Frame": 31,
        "Duration": 150,
		},
		{
        "Frame": 30,
        "Duration": 150,
		},
		{
        "Frame": 29,
        "Duration": 150,
		},
		{
        "Frame": 28,
        "Duration": 150,
		},
		{
        "Frame": 8,
        "Duration": 100,
		},
		{
        "Frame": 9,
        "Duration": 100,
		},
		{
        "Frame": 10,
        "Duration": 100,
		},
		{
        "Frame": 11,
        "Duration": 100,
		},
		{
        "Frame": 8,
        "Duration": 100,
		},
		{
        "Frame": 9,
        "Duration": 100,
		},
		{
        "Frame": 10,
        "Duration": 100,
		},
		{
        "Frame": 11,
        "Duration": 100,
		},
    ],
    }
  },
	// This plays when the companion travels downwards
	"DownAnimation": {
		"StartingFrame": 0,
		"NumberOfFrames": 4,
		"Duration": 100,
    "IdleAnimation": {
		"ManualFrames": [
		{
        "Frame": 0,
        "Duration": 100,
		},
		{
        "Frame": 1,
        "Duration": 100,
		},
		{
        "Frame": 2,
        "Duration": 100,
		},
		{
        "Frame": 3,
        "Duration": 100,
		},
		{
        "Frame": 0,
        "Duration": 100,
		},
		{
        "Frame": 12,
        "Duration": 150,
		},
		{
        "Frame": 13,
        "Duration": 150,
		},
		{
        "Frame": 14,
        "Duration": 150,
		},
		{
        "Frame": 15,
        "Duration": 150,
		},
		{
        "Frame": 16,
        "Duration": 1000,
		},
		{
        "Frame": 17,
        "Duration": 150,
		},
		{
        "Frame": 18,
        "Duration": 250,
		},
		{
        "Frame": 19,
        "Duration": 500,
		},
		{
        "Frame": 18,
        "Duration": 250,
		},
		{
        "Frame": 17,
        "Duration": 150,
		},
		{
        "Frame": 16,
        "Duration": 150,
		},
		{
        "Frame": 15,
        "Duration": 150,
		},
		{
        "Frame": 14,
        "Duration": 150,
		},
		{
        "Frame": 13,
        "Duration": 150,
		},
		{
        "Frame": 12,
        "Duration": 150,
		},
		{
        "Frame": 0,
        "Duration": 100,
		},
		{
        "Frame": 1,
        "Duration": 100,
		},
		{
        "Frame": 2,
        "Duration": 100,
		},
		{
        "Frame": 3,
        "Duration": 100,
		},
		{
        "Frame": 0,
        "Duration": 100,
		},
		{
        "Frame": 1,
        "Duration": 100,
		},
		{
        "Frame": 2,
        "Duration": 100,
		},
		{
        "Frame": 3,
        "Duration": 100,
		},
    ],
    }
  },
	// This plays when the companion travels left
	"LeftAnimation": {
		"ManualFrames": [
		{
		"Frame": 4,
		"Duration": 100,
		"Flip": true
		},
		{
		"Frame": 5,
		"Duration": 100,
		"Flip": true
		},
		{
		"Frame": 6,
		"Duration": 100,
		"Flip": true
		},
		{
		"Frame": 7,
		"Duration": 100,
		"Flip": true
		}
		],
    "IdleAnimation": {
		"ManualFrames": [
		{
        "Frame": 4,
        "Duration": 100,
		"Flip": true
		},
		{
        "Frame": 5,
        "Duration": 100,
		"Flip": true
		},
		{
        "Frame": 6,
        "Duration": 100,
		"Flip": true
		},
		{
        "Frame": 7,
        "Duration": 100,
		"Flip": true
		},
		{
        "Frame": 4,
        "Duration": 100,
		"Flip": true
		},
		{
        "Frame": 5,
        "Duration": 100,
		"Flip": true
		},
		{
        "Frame": 6,
        "Duration": 100,
		"Flip": true
		},
		{
        "Frame": 7,
        "Duration": 100,
		"Flip": true
		},
		{
        "Frame": 4,
        "Duration": 100,
		"Flip": true
		},
		{
        "Frame": 20,
        "Duration": 150,
		"Flip": true
		},
		{
        "Frame": 21,
        "Duration": 150,
		"Flip": true
		},
		{
        "Frame": 22,
        "Duration": 150,
		"Flip": true
		},
		{
        "Frame": 23,
        "Duration": 1000,
		"Flip": true
		},
		{
        "Frame": 24,
        "Duration": 150,
		"Flip": true
		},
		{
        "Frame": 25,
        "Duration": 150,
		"Flip": true
		},
		{
        "Frame": 26,
        "Duration": 250,
		"Flip": true
		},
		{
        "Frame": 27,
        "Duration": 250,
		"Flip": true
		},
		{
        "Frame": 26,
        "Duration": 250,
		"Flip": true
		},
		{
        "Frame": 27,
        "Duration": 250,
		"Flip": true
		},
		{
        "Frame": 26,
        "Duration": 250,
		"Flip": true
		},
		{
        "Frame": 27,
        "Duration": 250,
		"Flip": true
		},
		{
        "Frame": 26,
        "Duration": 250,
		"Flip": true
		},
		{
        "Frame": 25,
        "Duration": 150,
		"Flip": true
		},
		{
        "Frame": 24,
        "Duration": 150,
		"Flip": true
		},
		{
        "Frame": 23,
        "Duration": 500,
		"Flip": true
		},
		{
        "Frame": 22,
        "Duration": 150,
		"Flip": true
		},
		{
        "Frame": 21,
        "Duration": 150,
		"Flip": true
		},
		{
        "Frame": 20,
        "Duration": 150,
		"Flip": true
		},
		{
        "Frame": 4,
        "Duration": 100,
		"Flip": true
		},
		{
        "Frame": 5,
        "Duration": 100,
		"Flip": true
		},
		{
        "Frame": 6,
        "Duration": 100,
		"Flip": true
		},
		{
        "Frame": 7,
        "Duration": 100,
		"Flip": true
		},
		{
        "Frame": 4,
        "Duration": 100,
		"Flip": true
		},
		{
        "Frame": 5,
        "Duration": 100,
		"Flip": true
		},
		{
        "Frame": 6,
        "Duration": 100,
		"Flip": true
		},
		{
        "Frame": 7,
        "Duration": 100,
		"Flip": true
		},
    ],
    }
  },
	// This plays when the companion travels right
	"RightAnimation": {
		"StartingFrame": 4,
		"NumberOfFrames": 4,
		"Duration": 100,
    "IdleAnimation": {
		"ManualFrames": [
		{
        "Frame": 4,
        "Duration": 100,
		},
		{
        "Frame": 5,
        "Duration": 100,
		},
		{
        "Frame": 6,
        "Duration": 100,
		},
		{
        "Frame": 7,
        "Duration": 100,
		},
		{
        "Frame": 4,
        "Duration": 100,
		},
		{
        "Frame": 5,
        "Duration": 100,
		},
		{
        "Frame": 6,
        "Duration": 100,
		},
		{
        "Frame": 7,
        "Duration": 100,
		},
		{
        "Frame": 4,
        "Duration": 100,
		},
		{
        "Frame": 20,
        "Duration": 150,
		},
		{
        "Frame": 21,
        "Duration": 150,
		},
		{
        "Frame": 22,
        "Duration": 150,
		},
		{
        "Frame": 23,
        "Duration": 1000,
		},
		{
        "Frame": 24,
        "Duration": 150,
		},
		{
        "Frame": 25,
        "Duration": 150,
		},
		{
        "Frame": 26,
        "Duration": 250,
		},
		{
        "Frame": 27,
        "Duration": 250,
		},
		{
        "Frame": 26,
        "Duration": 250,
		},
		{
        "Frame": 27,
        "Duration": 250,
		},
		{
        "Frame": 26,
        "Duration": 250,
		},
		{
        "Frame": 27,
        "Duration": 250,
		},
		{
        "Frame": 26,
        "Duration": 250,
		},
		{
        "Frame": 25,
        "Duration": 150,
		},
		{
        "Frame": 24,
        "Duration": 150,
		},
		{
        "Frame": 23,
        "Duration": 500,
		},
		{
        "Frame": 22,
        "Duration": 150,
		},
		{
        "Frame": 21,
        "Duration": 150,
		},
		{
        "Frame": 20,
        "Duration": 150,
		},
		{
        "Frame": 4,
        "Duration": 100,
		},
		{
        "Frame": 5,
        "Duration": 100,
		},
		{
        "Frame": 6,
        "Duration": 100,
		},
		{
        "Frame": 7,
        "Duration": 100,
		},
		{
        "Frame": 4,
        "Duration": 100,
		},
		{
        "Frame": 5,
        "Duration": 100,
		},
		{
        "Frame": 6,
        "Duration": 100,
		},
		{
        "Frame": 7,
        "Duration": 100,
		},
    ],
    }
  },

	// Follower Data
	"MinTilesForNearby": 2,
	"UpdateWhenPlayerNearby": {
	"Name": "Crow_Friendly_WA",
	"Type": "Walking",
	"Scale": 0.8,
	"TravelSpeed": 2,
	"EnableCharacterCollision": false,
	"EnableFarmerCollision": false,
	"MaxIdleDistance": -1,
	"MaxDistanceBeforeTeleport": -1,
	"IdleBehavior": "Follow",
	"FrameSizeWidth": 32,
	"FrameSizeHeight": 32,
	"ResetWhenPlayerAway": true,
	"MinTilesForAway": 5,

	// This plays when the companion travels upwards
	"UpAnimation": {
		"StartingFrame": 8,
		"NumberOfFrames": 4,
		"Duration": 100,
    "IdleAnimation": {
		"ManualFrames": [
		{
        "Frame": 8,
        "Duration": 100,
		},
		{
        "Frame": 9,
        "Duration": 100,
		},
		{
        "Frame": 10,
        "Duration": 100,
		},
		{
        "Frame": 11,
        "Duration": 100,
		},
		{
        "Frame": 8,
        "Duration": 100,
		},
		{
        "Frame": 28,
        "Duration": 150,
		},
		{
        "Frame": 29,
        "Duration": 150,
		},
		{
        "Frame": 30,
        "Duration": 150,
		},
		{
        "Frame": 31,
        "Duration": 1000,
		},
		{
        "Frame": 32,
        "Duration": 150,
		},
		{
        "Frame": 33,
        "Duration": 500,
		},
		{
        "Frame": 34,
        "Duration": 500,
		},
		{
        "Frame": 33,
        "Duration": 500,
		},
		{
        "Frame": 34,
        "Duration": 500,
		},
		{
        "Frame": 33,
        "Duration": 500,
		},
		{
        "Frame": 34,
        "Duration": 500,
		},
		{
        "Frame": 33,
        "Duration": 500,
		},
		{
        "Frame": 32,
        "Duration": 150,
		},
		{
        "Frame": 31,
        "Duration": 150,
		},
		{
        "Frame": 30,
        "Duration": 150,
		},
		{
        "Frame": 29,
        "Duration": 150,
		},
		{
        "Frame": 28,
        "Duration": 150,
		},
		{
        "Frame": 8,
        "Duration": 100,
		},
		{
        "Frame": 9,
        "Duration": 100,
		},
		{
        "Frame": 10,
        "Duration": 100,
		},
		{
        "Frame": 11,
        "Duration": 100,
		},
		{
        "Frame": 8,
        "Duration": 100,
		},
		{
        "Frame": 9,
        "Duration": 100,
		},
		{
        "Frame": 10,
        "Duration": 100,
		},
		{
        "Frame": 11,
        "Duration": 100,
		},
    ],
    }
  },
	// This plays when the companion travels downwards
	"DownAnimation": {
		"StartingFrame": 0,
		"NumberOfFrames": 4,
		"Duration": 100,
    "IdleAnimation": {
		"ManualFrames": [
		{
        "Frame": 0,
        "Duration": 100,
		},
		{
        "Frame": 1,
        "Duration": 100,
		},
		{
        "Frame": 2,
        "Duration": 100,
		},
		{
        "Frame": 3,
        "Duration": 100,
		},
		{
        "Frame": 0,
        "Duration": 100,
		},
		{
        "Frame": 12,
        "Duration": 150,
		},
		{
        "Frame": 13,
        "Duration": 150,
		},
		{
        "Frame": 14,
        "Duration": 150,
		},
		{
        "Frame": 15,
        "Duration": 150,
		},
		{
        "Frame": 16,
        "Duration": 1000,
		},
		{
        "Frame": 17,
        "Duration": 150,
		},
		{
        "Frame": 18,
        "Duration": 250,
		},
		{
        "Frame": 19,
        "Duration": 500,
		},
		{
        "Frame": 18,
        "Duration": 250,
		},
		{
        "Frame": 17,
        "Duration": 150,
		},
		{
        "Frame": 16,
        "Duration": 150,
		},
		{
        "Frame": 15,
        "Duration": 150,
		},
		{
        "Frame": 14,
        "Duration": 150,
		},
		{
        "Frame": 13,
        "Duration": 150,
		},
		{
        "Frame": 12,
        "Duration": 150,
		},
		{
        "Frame": 0,
        "Duration": 100,
		},
		{
        "Frame": 1,
        "Duration": 100,
		},
		{
        "Frame": 2,
        "Duration": 100,
		},
		{
        "Frame": 3,
        "Duration": 100,
		},
		{
        "Frame": 0,
        "Duration": 100,
		},
		{
        "Frame": 1,
        "Duration": 100,
		},
		{
        "Frame": 2,
        "Duration": 100,
		},
		{
        "Frame": 3,
        "Duration": 100,
		},
    ],
    }
  },
	// This plays when the companion travels left
	"LeftAnimation": {
		"ManualFrames": [
		{
		"Frame": 4,
		"Duration": 100,
		"Flip": true
		},
		{
		"Frame": 5,
		"Duration": 100,
		"Flip": true
		},
		{
		"Frame": 6,
		"Duration": 100,
		"Flip": true
		},
		{
		"Frame": 7,
		"Duration": 100,
		"Flip": true
		}
		],
    "IdleAnimation": {
		"ManualFrames": [
		{
        "Frame": 4,
        "Duration": 100,
		"Flip": true
		},
		{
        "Frame": 5,
        "Duration": 100,
		"Flip": true
		},
		{
        "Frame": 6,
        "Duration": 100,
		"Flip": true
		},
		{
        "Frame": 7,
        "Duration": 100,
		"Flip": true
		},
		{
        "Frame": 4,
        "Duration": 100,
		"Flip": true
		},
		{
        "Frame": 5,
        "Duration": 100,
		"Flip": true
		},
		{
        "Frame": 6,
        "Duration": 100,
		"Flip": true
		},
		{
        "Frame": 7,
        "Duration": 100,
		"Flip": true
		},
		{
        "Frame": 4,
        "Duration": 100,
		"Flip": true
		},
		{
        "Frame": 20,
        "Duration": 150,
		"Flip": true
		},
		{
        "Frame": 21,
        "Duration": 150,
		"Flip": true
		},
		{
        "Frame": 22,
        "Duration": 150,
		"Flip": true
		},
		{
        "Frame": 23,
        "Duration": 1000,
		"Flip": true
		},
		{
        "Frame": 24,
        "Duration": 150,
		"Flip": true
		},
		{
        "Frame": 25,
        "Duration": 150,
		"Flip": true
		},
		{
        "Frame": 26,
        "Duration": 250,
		"Flip": true
		},
		{
        "Frame": 27,
        "Duration": 250,
		"Flip": true
		},
		{
        "Frame": 26,
        "Duration": 250,
		"Flip": true
		},
		{
        "Frame": 27,
        "Duration": 250,
		"Flip": true
		},
		{
        "Frame": 26,
        "Duration": 250,
		"Flip": true
		},
		{
        "Frame": 27,
        "Duration": 250,
		"Flip": true
		},
		{
        "Frame": 26,
        "Duration": 250,
		"Flip": true
		},
		{
        "Frame": 25,
        "Duration": 150,
		"Flip": true
		},
		{
        "Frame": 24,
        "Duration": 150,
		"Flip": true
		},
		{
        "Frame": 23,
        "Duration": 500,
		"Flip": true
		},
		{
        "Frame": 22,
        "Duration": 150,
		"Flip": true
		},
		{
        "Frame": 21,
        "Duration": 150,
		"Flip": true
		},
		{
        "Frame": 20,
        "Duration": 150,
		"Flip": true
		},
		{
        "Frame": 4,
        "Duration": 100,
		"Flip": true
		},
		{
        "Frame": 5,
        "Duration": 100,
		"Flip": true
		},
		{
        "Frame": 6,
        "Duration": 100,
		"Flip": true
		},
		{
        "Frame": 7,
        "Duration": 100,
		"Flip": true
		},
		{
        "Frame": 4,
        "Duration": 100,
		"Flip": true
		},
		{
        "Frame": 5,
        "Duration": 100,
		"Flip": true
		},
		{
        "Frame": 6,
        "Duration": 100,
		"Flip": true
		},
		{
        "Frame": 7,
        "Duration": 100,
		"Flip": true
		},
    ],
    }
  },
	// This plays when the companion travels right
	"RightAnimation": {
		"StartingFrame": 4,
		"NumberOfFrames": 4,
		"Duration": 100,
    "IdleAnimation": {
		"ManualFrames": [
		{
        "Frame": 4,
        "Duration": 100,
		},
		{
        "Frame": 5,
        "Duration": 100,
		},
		{
        "Frame": 6,
        "Duration": 100,
		},
		{
        "Frame": 7,
        "Duration": 100,
		},
		{
        "Frame": 4,
        "Duration": 100,
		},
		{
        "Frame": 5,
        "Duration": 100,
		},
		{
        "Frame": 6,
        "Duration": 100,
		},
		{
        "Frame": 7,
        "Duration": 100,
		},
		{
        "Frame": 4,
        "Duration": 100,
		},
		{
        "Frame": 20,
        "Duration": 150,
		},
		{
        "Frame": 21,
        "Duration": 150,
		},
		{
        "Frame": 22,
        "Duration": 150,
		},
		{
        "Frame": 23,
        "Duration": 1000,
		},
		{
        "Frame": 24,
        "Duration": 150,
		},
		{
        "Frame": 25,
        "Duration": 150,
		},
		{
        "Frame": 26,
        "Duration": 250,
		},
		{
        "Frame": 27,
        "Duration": 250,
		},
		{
        "Frame": 26,
        "Duration": 250,
		},
		{
        "Frame": 27,
        "Duration": 250,
		},
		{
        "Frame": 26,
        "Duration": 250,
		},
		{
        "Frame": 27,
        "Duration": 250,
		},
		{
        "Frame": 26,
        "Duration": 250,
		},
		{
        "Frame": 25,
        "Duration": 150,
		},
		{
        "Frame": 24,
        "Duration": 150,
		},
		{
        "Frame": 23,
        "Duration": 500,
		},
		{
        "Frame": 22,
        "Duration": 150,
		},
		{
        "Frame": 21,
        "Duration": 150,
		},
		{
        "Frame": 20,
        "Duration": 150,
		},
		{
        "Frame": 4,
        "Duration": 100,
		},
		{
        "Frame": 5,
        "Duration": 100,
		},
		{
        "Frame": 6,
        "Duration": 100,
		},
		{
        "Frame": 7,
        "Duration": 100,
		},
		{
        "Frame": 4,
        "Duration": 100,
		},
		{
        "Frame": 5,
        "Duration": 100,
		},
		{
        "Frame": 6,
        "Duration": 100,
		},
		{
        "Frame": 7,
        "Duration": 100,
		},
    ],
    }
	},
	"OverheadTexts": [
		{
		"Text": "<",
		"ChanceWeight": 0.1,
		"TextLifetime": 3000
		}
	],
  },

"Sounds": [
	{
	"SoundName": "crow",
	"WhenToPlay": "Idle",
	"TimeBetweenSound": 5000,
	"ChanceOfPlaying": 0.3
	}
]  
}