{
  "ItemName": "Rabbit",
  "Type": "Character",
  "TextureWidth": 64,
  "TextureHeight": 112,
  "ManualVariations": [
    {
      "Id": 0,
	  "Name": "Extra White",
      "ChanceWeight": 0.05,
	  "Keywords": [ "More Rabbits Extra White" ]
    },
    {
        "Id": 1,
      "Name": "Albino",
        "ChanceWeight": 0.1,
      "Keywords": [ "More Rabbits Albino" ]
      },
    {
        "Id": 2,
      "Name": "White",
        "ChanceWeight": 0.3,
      "Keywords": [ "More Rabbits White" ]
      },
      {
          "Id": 3,
        "Name": "Black",
          "ChanceWeight": 0.3,
        "Keywords": [ "More Rabbits Black" ]
        },
        {
            "Id": 4,
          "Name": "Void",
            "ChanceWeight": 0.05,
          "Keywords": [ "More Rabbits Void" ]
          }
  ]
}