{
  "Id": "smolhooman.bats.night",
  "SpriteData": {
    "Variations": 5,
    "FrameWidth": 16,
    "FrameHeight": 16,
    "Scale": 4
  },
  "Animations": {
    "default": {
      "Frames": [
        {
          "Frame": 0,
          "Duration": 35
        },
        {
          "Frame": 1,
          "Duration": 35
        },
        {
          "Frame": 2,
          "Duration": 35
        },
        {
          "Frame": 1,
          "Duration": 35
        }
      ]
    }
  },
  "SpawnConditions": [
    {
      "Not": false,
      "Seasons": [ "spring", "summer", "fall" ],
      "Locations": [ "Farm", "Town", "BusStop", "Woods", "Railroad", "Backwoods", "Mountain", "TownEast", "ForestWest", "LostWoods", "BlueMoonVineyard", "Summit" ],
      "MinTimeOfDay": 1750,
      "MaxTimeOfDay": 2600,
      "ChancePerTile": 1,
      "RequireDarkOut": true,
      "AllowRain": false,
      "ChildrenCombine": "and",
      "Children": []
    }  
  ],
  "SpawnLocations": [
    {
      "LocationType": "random",
      "Conditions": [
        {
          "Not": false,
          "Chance": 1,
          "Variable": "ParentSheetIndex",
          "RequireNotNull": false,
          "Is": null,
          "ValueEquals": "0",
          "ChildrenCombine": "and",
          "Children": []
        }
      ]
    }
  ],
  "SpawnAttempts": 20,
  "Behavior": {
    "Type": "random",
    "Speed": 5,
    "PatrolPoints": [
      {
        "Type": "random"
      },
      {
        "Type": "startoffset",
        "X": 30,
        "Y": 30
      },
      {
        "Type": "startoffset",
        "X": -80,
        "Y": 60
      },
      {
        "Type": "startoffset",
        "X": 30,
        "Y": -20
      },
      {
        "Type": "startoffset",
        "X": -30,
        "Y": -30
      }
    ],
    "PatrolPointDelay": 0,
    "PatrolPointDelayAddRandom": 0
  }
}