{
	"Name": "Bear_WA",
	"Type": "Walking",
	"EnableSpawnAtDayStart": false,
	"EnableCharacterCollision": false,
	"EnableFarmerCollision": true,
	"TravelSpeed": 2,
	"MaxIdleDistance": -1,
	"MaxDistanceBeforeTeleport": -1,
	"IdleBehavior": "Wander",
	"FrameSizeWidth": 32,
	"FrameSizeHeight": 32,
	"TileSheetPath": "Characters\\Bear",

	// This plays when the companion travels upwards
	"UpAnimation": {
		"StartingFrame": 8,
		"NumberOfFrames": 4,
		"Duration": 100,
	"IdleAnimation": {
		"StartingFrame": 8,
		"NumberOfFrames": 1,
		"Duration": 3000
	}
	},
	// This plays when the companion travels downwards
	"DownAnimation": {
		"StartingFrame": 0,
		"NumberOfFrames": 4,
		"Duration": 100,
	"IdleAnimation": {
		"ManualFrames": [
		{
		"Frame": 0,
		"Duration": 2000
		},
		{
		"Frame": 16,
		"Duration": 500
		},
		{
		"Frame": 17,
		"Duration": 250
		},
		{
		"Frame": 16,
		"Duration": 250
		},
		{
		"Frame": 17,
		"Duration": 250
		},
		{
		"Frame": 16,
		"Duration": 250
		},
		{
		"Frame": 17,
		"Duration": 250
		},
		{
		"Frame": 16,
		"Duration": 500
		},
		]
	}
	},
	// This plays when the companion travels left
	"LeftAnimation": {
		"StartingFrame": 12,
		"NumberOfFrames": 4,
		"Duration": 100,
    "IdleAnimation": {
		"StartingFrame": 12,
		"NumberOfFrames": 1,
		"Duration": 3000
	}
	},
	// This plays when the companion travels right
	"RightAnimation": {
		"StartingFrame": 4,
		"NumberOfFrames": 4,
		"Duration": 100,
	"IdleAnimation": {
		"StartingFrame": 4,
		"NumberOfFrames": 1,
		"Duration": 3000
	}
	},

"Sounds": [
	{
	"SoundName": "grunt",
	"WhenToPlay": "Idle",
	"TimeBetweenSound": 5000,
	"ChanceOfPlaying": 0.3
	}
]  
}