{
	"Format": "2.0.0",
	"Changes": [
		{
			"Action": "EditMap",
			"Target": "Maps/Town",
			"FromFile": "assets/TownExt.tmx",
			"PatchMode": "Overlay"
		},
		{
			"Action": "EditMap",
			"Target": "Maps/JojaMart",
			"FromFile": "assets/JojaExt.tmx",
			"PatchMode": "Overlay"
		},
		{
			"Action": "EditMap",
			"Target": "Maps/Forest",
			"FromFile": "assets/ForestExt.tmx",
			"PatchMode": "Overlay"
		},
		{
			"Action": "EditMap",
			"Target": "Maps/Hospital",
			"FromFile": "assets/HospitalExt.tmx",
			"PatchMode": "Overlay"
		},
		{
			"Action": "EditMap",
			"Target": "Maps/BathHouse_Pool",
			"FromFile": "assets/BathhouseExt.tmx",
			"PatchMode": "Overlay"
		},
		{
			"Action": "EditMap",
			"Target": "Maps/Railroad",
			"FromFile": "assets/RailroadExt.tmx",
			"PatchMode": "Overlay"
		},
		{
			"Action": "EditMap",
			"Target": "Maps/WizardHouse",
			"removeEmpty": false,
			"FromFile": "assets/WizExt.tmx",
			"PatchMode": "Overlay"
		},
		{
			"Action": "EditMap",
			"Target": "Maps/Mine",
			"FromFile": "assets/MineExt.tmx",
			"PatchMode": "Overlay"
		},
		{
			"Action": "EditMap",
			"Target": "Maps/Trailer",
			"removeEmpty": false,
			"FromFile": "assets/TrailerExt.tmx",
			"PatchMode": "Overlay"
		},
		{
			"Action": "EditMap",
			"Target": "Maps/Beach",
			"FromFile": "assets/BeachExt.tmx",
			"PatchMode": "Overlay"
		},
		{
			"Action": "EditMap",
			"Target": "Maps/SeedShop",
			"removeEmpty": false,
			"FromFile": "assets/SeedShopExt.tmx",
			"PatchMode": "Overlay"
		},
		{
			"Action": "EditMap",
			"Target": "Maps/Sewer",
			"FromFile": "assets/SewerExt.tmx",
			"PatchMode": "Overlay"
		}
	]
}