{
	"Name": "BearCub_WA",
	"Type": "Walking",
	"EnableSpawnAtDayStart": false,
	"EnableCharacterCollision": false,
	"EnableFarmerCollision": true,
	"TravelSpeed": 2,
	"MaxIdleDistance": -1,
	"MaxDistanceBeforeTeleport": -1,
	"IdleBehavior": "Wander",
	"FrameSizeWidth": 32,
	"FrameSizeHeight": 32,

	// This plays when the companion travels upwards
	"UpAnimation": {
		"StartingFrame": 8,
		"NumberOfFrames": 4,
		"Duration": 100,
	"IdleAnimation": {
		"ManualFrames": [
		{
		"Frame": 0,
		"Duration": 1000
		},
		{
		"Frame": 21,
		"Duration": 150
		},
		{
		"Frame": 0,
		"Duration": 150
		},
		{
		"Frame": 22,
		"Duration": 250
		},
		{
		"Frame": 0,
		"Duration": 3000
		},
		{
		"Frame": 28,
		"Duration": 150
		},
		{
		"Frame": 29,
		"Duration": 150
		},
		{
		"Frame": 30,
		"Duration": 150
		},
		{
		"Frame": 31,
		"Duration": 500
		},
		{
		"Frame": 32,
		"Duration": 150
		},
		{
		"Frame": 33,
		"Duration": 250
		},
		{
		"Frame": 32,
		"Duration": 150
		},
		{
		"Frame": 31,
		"Duration": 150
		},
		{
		"Frame": 34,
		"Duration": 150
		},
		{
		"Frame": 35,
		"Duration": 250
		},
		{
		"Frame": 34,
		"Duration": 150
		},
		{
		"Frame": 31,
		"Duration": 250
		},
		{
		"Frame": 30,
		"Duration": 150
		},
		{
		"Frame": 29,
		"Duration": 150
		},
		{
		"Frame": 28,
		"Duration": 150
		},
		]
	}
	},
	// This plays when the companion travels downwards
	"DownAnimation": {
		"StartingFrame": 0,
		"NumberOfFrames": 4,
		"Duration": 100,
	"IdleAnimation": {
		"ManualFrames": [
		{
		"Frame": 0,
		"Duration": 2000
		},
		{
		"Frame": 12,
		"Duration": 150
		},
		{
		"Frame": 13,
		"Duration": 150
		},
		{
		"Frame": 14,
		"Duration": 250
		},
		{
		"Frame": 15,
		"Duration": 250
		},
		{
		"Frame": 14,
		"Duration": 250
		},
		{
		"Frame": 15,
		"Duration": 250
		},
		{
		"Frame": 14,
		"Duration": 250
		},
		{
		"Frame": 15,
		"Duration": 250
		},
		{
		"Frame": 14,
		"Duration": 250
		},
		{
		"Frame": 13,
		"Duration": 150
		},
		{
		"Frame": 12,
		"Duration": 150
		},
		]
	}
	},
	// This plays when the companion travels left
	"LeftAnimation": {
		"ManualFrames": [
		{
		"Frame": 4,
		"Duration": 100,
		"Flip": true
		},
		{
		"Frame": 5,
		"Duration": 100,
		"Flip": true
		},
		{
		"Frame": 6,
		"Duration": 100,
		"Flip": true
		},
		{
		"Frame": 7,
		"Duration": 100,
		"Flip": true
		}
		],
	"IdleAnimation": {
		"ManualFrames": [
		{
		"Frame": 4,
		"Duration": 3000,
		"Flip": true
		},
		{
		"Frame": 24,
		"Duration": 150,
		"Flip": true
		},
		{
		"Frame": 25,
		"Duration": 150,
		"Flip": true
		},
		{
		"Frame": 26,
		"Duration": 250,
		"Flip": true
		},
		{
		"Frame": 27,
		"Duration": 250,
		"Flip": true
		},
		{
		"Frame": 26,
		"Duration": 250,
		"Flip": true
		},
		{
		"Frame": 27,
		"Duration": 250,
		"Flip": true
		},
		{
		"Frame": 26,
		"Duration": 250,
		"Flip": true
		},
		{
		"Frame": 27,
		"Duration": 250,
		"Flip": true
		},
		{
		"Frame": 26,
		"Duration": 250,
		"Flip": true
		},
		{
		"Frame": 25,
		"Duration": 150,
		"Flip": true
		},
		{
		"Frame": 24,
		"Duration": 150,
		"Flip": true
		},
		]
	}
	},
	// This plays when the companion travels right
	"RightAnimation": {
		"StartingFrame": 4,
		"NumberOfFrames": 4,
		"Duration": 100,
	"IdleAnimation": {
		"ManualFrames": [
		{
		"Frame": 0,
		"Duration": 3000
		},
		{
		"Frame": 16,
		"Duration": 150
		},
		{
		"Frame": 17,
		"Duration": 150
		},
		{
		"Frame": 18,
		"Duration": 150
		},
		{
		"Frame": 19,
		"Duration": 1000
		},
		{
		"Frame": 20,
		"Duration": 250
		},
		{
		"Frame": 19,
		"Duration": 250
		},
		{
		"Frame": 20,
		"Duration": 250
		},
		{
		"Frame": 19,
		"Duration": 500
		},
		{
		"Frame": 23,
		"Duration": 500
		},
		{
		"Frame": 19,
		"Duration": 150
		},
		{
		"Frame": 18,
		"Duration": 150
		},
		{
		"Frame": 17,
		"Duration": 150
		},
		{
		"Frame": 16,
		"Duration": 150
		},
		]
	}
	},

"Sounds": [
	{
	"SoundName": "turtle_pet",
	"WhenToPlay": "Idle",
	"TimeBetweenSound": 5000,
	"ChanceOfPlaying": 0.2
	}
]  
}