{
	"Name": "Monkey_Timid_WA",
	"Type": "Walking",
	"EnableSpawnAtDayStart": false,
	"EnableCharacterCollision": false,
	"EnableFarmerCollision": true,
	"TravelSpeed": 2,
	"MaxIdleDistance": -1,
	"MaxDistanceBeforeTeleport": -1,
	"IdleBehavior": "Wander",
	"FrameSizeWidth": 32,
	"FrameSizeHeight": 32,

	// This plays when the companion travels upwards
	"UpAnimation": {
		"StartingFrame": 8,
		"NumberOfFrames": 4,
		"Duration": 150,
    "IdleAnimation": {
		"ManualFrames": [
		{
        "Frame": 8,
        "Duration": 3000,
		},
		{
        "Frame": 30,
        "Duration": 150,
		},
		{
        "Frame": 31,
        "Duration": 150,
		},
		{
        "Frame": 30,
        "Duration": 150,
		},
		{
        "Frame": 8,
        "Duration": 150,
		},
		{
        "Frame": 32,
        "Duration": 150,
		},
		{
        "Frame": 33,
        "Duration": 150,
		},
		{
        "Frame": 32,
        "Duration": 150,
		},
    ],
    }
  },
	// This plays when the companion travels downwards
	"DownAnimation": {
		"StartingFrame": 0,
		"NumberOfFrames": 4,
		"Duration": 150,
    "IdleAnimation": {
		"ManualFrames": [
		{
        "Frame": 0,
        "Duration": 3000,
		},
		{
        "Frame": 12,
        "Duration": 150,
		},
		{
        "Frame": 13,
        "Duration": 150,
		},
		{
        "Frame": 14,
        "Duration": 150,
		},
		{
        "Frame": 15,
        "Duration": 3000,
		},
		{
        "Frame": 21,
        "Duration": 500,
		},
		{
        "Frame": 22,
        "Duration": 500,
		},
		{
        "Frame": 21,
        "Duration": 500,
		},
		{
        "Frame": 22,
        "Duration": 500,
		},
		{
        "Frame": 21,
        "Duration": 500,
		},
		{
        "Frame": 22,
        "Duration": 500,
		},
		{
        "Frame": 21,
        "Duration": 500,
		},
		{
        "Frame": 20,
        "Duration": 150,
		},
		{
        "Frame": 15,
        "Duration": 150,
		},
		{
        "Frame": 14,
        "Duration": 150,
		},
		{
        "Frame": 13,
        "Duration": 150,
		},
		{
        "Frame": 12,
        "Duration": 150,
		},
    ],
    }
  },
	// This plays when the companion travels left
	"LeftAnimation": {
		"ManualFrames": [
		{
		"Frame": 4,
		"Duration": 150,
		"Flip": true
		},
		{
		"Frame": 5,
		"Duration": 150,
		"Flip": true
		},
		{
		"Frame": 6,
		"Duration": 150,
		"Flip": true
		},
		{
		"Frame": 7,
		"Duration": 150,
		"Flip": true
		}
		],
    "IdleAnimation": {
		"ManualFrames": [
		{
        "Frame": 4,
        "Duration": 3000,
		"Flip": true
		},
		{
        "Frame": 16,
        "Duration": 150,
		"Flip": true
		},
		{
        "Frame": 17,
        "Duration": 150,
		"Flip": true
		},
		{
        "Frame": 18,
        "Duration": 150,
		"Flip": true
		},
		{
        "Frame": 19,
        "Duration": 500,
		"Flip": true
		},
		{
        "Frame": 20,
        "Duration": 500,
		"Flip": true
		},
		{
        "Frame": 19,
        "Duration": 500,
		"Flip": true
		},
		{
        "Frame": 20,
        "Duration": 500,
		"Flip": true
		},
		{
        "Frame": 19,
        "Duration": 500,
		"Flip": true
		},
		{
        "Frame": 20,
        "Duration": 500,
		"Flip": true
		},
		{
        "Frame": 19,
        "Duration": 500,
		"Flip": true
		},
		{
        "Frame": 18,
        "Duration": 150,
		"Flip": true
		},
		{
        "Frame": 17,
        "Duration": 150,
		"Flip": true
		},
		{
        "Frame": 16,
        "Duration": 150,
		"Flip": true
		},
    ],
    }
  },
	// This plays when the companion travels right
	"RightAnimation": {
		"StartingFrame": 4,
		"NumberOfFrames": 4,
		"Duration": 150,
    "IdleAnimation": {
		"ManualFrames": [
		{
        "Frame": 4,
        "Duration": 3000,
		},
		{
        "Frame": 16,
        "Duration": 150,
		},
		{
        "Frame": 17,
        "Duration": 150,
		},
		{
        "Frame": 18,
        "Duration": 150,
		},
		{
        "Frame": 19,
        "Duration": 500,
		},
		{
        "Frame": 20,
        "Duration": 500,
		},
		{
        "Frame": 19,
        "Duration": 500,
		},
		{
        "Frame": 20,
        "Duration": 500,
		},
		{
        "Frame": 19,
        "Duration": 500,
		},
		{
        "Frame": 20,
        "Duration": 500,
		},
		{
        "Frame": 19,
        "Duration": 500,
		},
		{
        "Frame": 18,
        "Duration": 150,
		},
		{
        "Frame": 17,
        "Duration": 150,
		},
		{
        "Frame": 16,
        "Duration": 150,
		},
    ],
    }
  },

	// Follower Data
	"MinTilesForNearby": 3,
	"UpdateWhenPlayerNearby": {
	"Name": "Monkey_Timid_WA",
	"Type": "Walking",
	"TravelSpeed": 2,
	"EnableCharacterCollision": false,
	"EnableFarmerCollision": true,
	"MaxIdleDistance": -1,
	"MaxDistanceBeforeTeleport": -1,
	"IdleBehavior": "Nothing",
	"FrameSizeWidth": 32,
	"FrameSizeHeight": 32,
	"ResetWhenPlayerAway": true,
	"MinTilesForAway": 8,

	"UniformAnimation": {
		"ManualFrames": [
		{
		"Frame": 0,
		"Duration": 150,
		"PlayOnlyOnce": true
		},
		{
		"Frame": 24,
		"Duration": 150,
		"PlayOnlyOnce": true
		},
		{
		"Frame": 25,
		"Duration": 100,
		"PlayOnlyOnce": true
		},
		{
		"Frame": 26,
		"Duration": 100,
		"PlayOnlyOnce": true
		},
		{
		"Frame": 25,
		"Duration": 100,
		"PlayOnlyOnce": true
		},
		{
		"Frame": 27,
		"Duration": 100,
		"PlayOnlyOnce": true
		},
		{
		"Frame": 23,
		"Duration": 100,
		"PlayOnlyOnce": true
		},
		{
		"Frame": 29,
		"Duration": 100,
		},
		{
		"Frame": 28,
		"Duration": 100,
		},
		],
	},
	"OverheadTexts": [
		{
		"Text": "!",
		"ChanceWeight": 0.1,
		"TextLifetime": 3000
		}
	],
  },

"Sounds": [
	{
	"SoundName": "monkey1",
	"WhenToPlay": "Idle",
	"TimeBetweenSound": 5000,
	"ChanceOfPlaying": 0.2
	}
]  
}