{
	"Name": "Duckling_Friendly_WA",
	"Type": "Walking",
	"EnableSpawnAtDayStart": false,
	"EnableCharacterCollision": false,
	"EnableFarmerCollision": false,
	"TravelSpeed": 1,
	"MaxIdleDistance": -1,
	"MaxDistanceBeforeTeleport": -1,
	"IdleBehavior": "Wander",
	"FrameSizeWidth": 24,
	"FrameSizeHeight": 24,

	// This plays when the companion travels upwards
	"UpAnimation": {
		"StartingFrame": 8,
		"NumberOfFrames": 4,
		"Duration": 500,
	"IdleAnimation": {
		"StartingFrame": 8,
		"NumberOfFrames": 4,
		"Duration": 500
	}
	},
	// This plays when the companion travels downwards
	"DownAnimation": {
		"StartingFrame": 0,
		"NumberOfFrames": 4,
		"Duration": 500,
	"IdleAnimation": {
		"StartingFrame": 0,
		"NumberOfFrames": 4,
		"Duration": 500
	}
	},
	// This plays when the companion travels left
	"LeftAnimation": {
		"StartingFrame": 12,
		"NumberOfFrames": 4,
		"Duration": 500,
	"IdleAnimation": {
		"StartingFrame": 12,
		"NumberOfFrames": 4,
		"Duration": 500
	}
	},
	// This plays when the companion travels right
	"RightAnimation": {
		"StartingFrame": 4,
		"NumberOfFrames": 4,
		"Duration": 500,
	"IdleAnimation": {
		"StartingFrame": 4,
		"NumberOfFrames": 4,
		"Duration": 500
	}
	},

	// Follower Data
	"MinTilesForNearby": 2,
	"UpdateWhenPlayerNearby": {
	"Name": "Duckling_Friendly_WA",
	"Type": "Walking",
	"TravelSpeed": 1,
	"EnableCharacterCollision": false,
	"EnableFarmerCollision": false,
	"MaxIdleDistance": -1,
	"MaxDistanceBeforeTeleport": -1,
	"IdleBehavior": "Follow",
	"FrameSizeWidth": 24,
	"FrameSizeHeight": 24,
	"ResetWhenPlayerAway": true,
	"MinTilesForAway": 4,

	// This plays when the companion travels upwards
	"UpAnimation": {
		"StartingFrame": 8,
		"NumberOfFrames": 4,
		"Duration": 500,
	"IdleAnimation": {
		"StartingFrame": 8,
		"NumberOfFrames": 4,
		"Duration": 500
	}
	},
	// This plays when the companion travels downwards
	"DownAnimation": {
		"StartingFrame": 0,
		"NumberOfFrames": 4,
		"Duration": 500,
	"IdleAnimation": {
		"StartingFrame": 0,
		"NumberOfFrames": 4,
		"Duration": 500
	}
	},
	// This plays when the companion travels left
	"LeftAnimation": {
		"StartingFrame": 12,
		"NumberOfFrames": 4,
		"Duration": 500,
	"IdleAnimation": {
		"StartingFrame": 12,
		"NumberOfFrames": 4,
		"Duration": 500
	}
	},
	// This plays when the companion travels right
	"RightAnimation": {
		"StartingFrame": 4,
		"NumberOfFrames": 4,
		"Duration": 500,
	"IdleAnimation": {
		"StartingFrame": 4,
		"NumberOfFrames": 4,
		"Duration": 500
	}
	},
	"OverheadTexts": [
		{
		"Text": "<",
		"ChanceWeight": 0.1,
		"TextLifetime": 3000
		}
	],
	"Sounds": [
		{
		"SoundName": "waterSlosh",
		"WhenToPlay": "Moving",
		"TimeBetweenSound": 2000
		},
		{
		"SoundName": "SpringBirds",
		"WhenToPlay": "Idle",
		"TimeBetweenSound": 3000,
		"ChanceOfPlaying": 0.4
		}
	]
  },
}