{
"Format": "2.0.0",
"Changes": [
{   "LogName": "Load Pet Possum-Related Images",
    "Action": "Load",
    "Target": "Mods/PashaWithHat.PetPossum/possumGrey, Mods/PashaWithHat.PetPossum/possumSilver, Mods/PashaWithHat.PetPossum/possumIcons",
    "FromFile": "assets/{{TargetWithoutPath}}.png"
},
{   "LogName": "Add Pet Possums",
    "Action": "EditData",
    "Target": "Data/Pets",
    "Entries": {
    "PashaWithHat.PetPossum": {
        "DisplayName": "{{i18n:PetPossum_possumName}}",
        "BarkSound": "dustMeep",
        "ContentSound": "rabbit",
        "RepeatContentSoundAfter": -1,
        "EmoteOffset": {"X": 0, "Y": 0},
        "EventOffset": {"X": -32, "Y": 0},
        "SummitPerfectionEvent": {
            "SourceRect": {
                "X": 0,
                "Y": 96,
                "Width": 32,
                "Height": 32
            },
            "AnimationLength": 4,
            "Flipped": false,
            "Motion": "-4, 0",
            "PingPong": false
        },
        "MoveSpeed": 2,
        "SleepOnBedChance": 0.05,
        "SleepNearBedChance": 0.3,
        "SleepOnRugChance": 0.65,
        "Behaviors": [
            {   "Name": "Walk",
                "IsSideBehavior": false,
                "RandomizeDirection": true,
                "Direction": null,
                "WalkInDirection": true,
                "MoveSpeed": -1,
                "SoundOnStart": null,
                "SoundRangeFromBorder": -1,
                "SoundRange": -1,
                "SoundIsVoice": false,
                "Shake": 0,
                "Animation": null,
                "LoopMode": "None",
                "AnimationMinimumLoops": -1,
                "AnimationMaximumLoops": -1,
                "AnimationEndBehaviorChanges": null,
                "Duration": -1,
                "MinimumDuration": -1,
                "MaximumDuration": -1,
                "TimeoutBehaviorChanges": null,
                "PlayerNearbyBehaviorChanges": null,
                "RandomBehaviorChangeChance": 0.01,
                "RandomBehaviorChanges": [
                    {   // general
                        "Weight": 3.0,
                        "OutsideOnly": false,
                        "UpBehavior": null,
                        "DownBehavior": null,
                        "LeftBehavior": null,
                        "RightBehavior": null,
                        "Behavior": null 
                    },
                    { "Behavior": "Flop",
                        "Weight": 0.85,
                        "OutsideOnly": false,
                        "UpBehavior": "BeginSitDown",
                        "DownBehavior": "BeginSitDown",
                        "LeftBehavior": null,
                        "RightBehavior": null 
                    },
                    { "Behavior": "Startle",
                        "Weight": 0.15,
                        "OutsideOnly": false,
                        "UpBehavior": "BeginSitDown",
                        "DownBehavior": "BeginSitDown",
                        "LeftBehavior": null,
                        "RightBehavior": null,
                    }
                ],
                "JumpLandBehaviorChanges": null
            },
            {   "Name": "BeginSitDown",
                "IsSideBehavior": false,
                "RandomizeDirection": false,
                "Direction": "down",
                "WalkInDirection": false,
                "MoveSpeed": -1,
                "SoundOnStart": null,
                "SoundRangeFromBorder": -1,
                "SoundRange": -1,
                "SoundIsVoice": false,
                "Shake": 0,
                "Animation": [
                    {   "Frame": 16,
                        "Duration": 100,
                        "HitGround": false,
                        "Jump": false,
                        "Sound": null,
                        "SoundRangeFromBorder": -1,
                        "SoundRange": -1,
                        "SoundIsVoice": false
                    },
                    {   "Frame": 17,
                        "Duration": 100,
                        "HitGround": false,
                        "Jump": false,
                        "Sound": null,
                        "SoundRangeFromBorder": -1,
                        "SoundRange": -1,
                        "SoundIsVoice": false
                    },
                    {   "Frame": 18,
                        "Duration": 100,
                        "HitGround": false,
                        "Jump": false,
                        "Sound": null,
                        "SoundRangeFromBorder": -1,
                        "SoundRange": -1,
                        "SoundIsVoice": false
                    },
                    {   "Frame": 19,
                        "Duration": 100,
                        "HitGround": false,
                        "Jump": false,
                        "Sound": null,
                        "SoundRangeFromBorder": -1,
                        "SoundRange": -1,
                        "SoundIsVoice": false
                    }
                ],
                "LoopMode": "None",
                "AnimationMinimumLoops": -1,
                "AnimationMaximumLoops": -1,
                "AnimationEndBehaviorChanges": [{
                    "Weight": 1.0,
                    "OutsideOnly": false,
                    "UpBehavior": null,
                    "DownBehavior": null,
                    "LeftBehavior": null,
                    "RightBehavior": null,
                    "Behavior": "SitDown"
                }],
                "Duration": -1,
                "MinimumDuration": -1,
                "MaximumDuration": -1,
                "TimeoutBehaviorChanges": null,
                "PlayerNearbyBehaviorChanges": null,
                "RandomBehaviorChangeChance": 0.0,
                "RandomBehaviorChanges": null,
                "JumpLandBehaviorChanges": null
            },
            {   "Name": "SitDownBlinkShort", 
                "IsSideBehavior": false,
                "RandomizeDirection": false,
                "Direction": "down",
                "WalkInDirection": false,
                "MoveSpeed": -1,
                "SoundOnStart": null,
                "SoundRangeFromBorder": -1,
                "SoundRange": -1,
                "SoundIsVoice": false,
                "Shake": 0,
                "Animation": [{
                    "Frame": 19,
                    "Duration": 100,
                    "HitGround": false,
                    "Jump": false,
                    "Sound": null,
                    "SoundRangeFromBorder": -1,
                    "SoundRange": -1,
                    "SoundIsVoice": false
                }],
                "LoopMode": "Hold",
                "AnimationMinimumLoops": -1,
                "AnimationMaximumLoops": -1,
                "AnimationEndBehaviorChanges": null,
                "Duration": 200,
                "MinimumDuration": -1,
                "MaximumDuration": -1,
                "TimeoutBehaviorChanges": [{
                    "Weight": 1.0,
                    "OutsideOnly": false,
                    "UpBehavior": null,
                    "DownBehavior": null,
                    "LeftBehavior": null,
                    "RightBehavior": null,
                    "Behavior": "SitDown"
                }],
                "PlayerNearbyBehaviorChanges": null,
                "RandomBehaviorChangeChance": 0.0,
                "RandomBehaviorChanges": null,
                "JumpLandBehaviorChanges": null
            },
            {   "Name": "SitDownBlink", 
                "IsSideBehavior": false,
                "RandomizeDirection": false,
                "Direction": "down",
                "WalkInDirection": false,
                "MoveSpeed": -1,
                "SoundOnStart": null,
                "SoundRangeFromBorder": -1,
                "SoundRange": -1,
                "SoundIsVoice": false,
                "Shake": 0,
                "Animation": [{
                    "Frame": 19,
                    "Duration": 100,
                    "HitGround": false,
                    "Jump": false,
                    "Sound": null,
                    "SoundRangeFromBorder": -1,
                    "SoundRange": -1,
                    "SoundIsVoice": false
                }],
                "LoopMode": "Hold",
                "AnimationMinimumLoops": -1,
                "AnimationMaximumLoops": -1,
                "AnimationEndBehaviorChanges": null,
                "Duration": -1,
                "MinimumDuration": 8000,
                "MaximumDuration": 30000,
                "TimeoutBehaviorChanges": [{
                    "Weight": 1.0,
                    "OutsideOnly": false,
                    "UpBehavior": null,
                    "DownBehavior": null,
                    "LeftBehavior": null,
                    "RightBehavior": null,
                    "Behavior": "SitDown"
                }],
                "PlayerNearbyBehaviorChanges": null,
                "RandomBehaviorChangeChance": 0.0,
                "RandomBehaviorChanges": null,
                "JumpLandBehaviorChanges": null
            },
            {   "Name": "SitDownBlinkShortContent",
                "IsSideBehavior": false,
                "RandomizeDirection": false,
                "Direction": "down",
                "WalkInDirection": false,
                "MoveSpeed": -1,
                "SoundOnStart": "rabbit",
                "SoundRangeFromBorder": 2,
                "SoundRange": -1,
                "SoundIsVoice": true,
                "Shake": 200,
                "Animation": [{
                    "Frame": 19,
                    "Duration": 100,
                    "HitGround": false,
                    "Jump": false,
                    "Sound": null,
                    "SoundRangeFromBorder": -1,
                    "SoundRange": -1,
                    "SoundIsVoice": false
                }],
                "LoopMode": "Hold",
                "AnimationMinimumLoops": -1,
                "AnimationMaximumLoops": -1,
                "AnimationEndBehaviorChanges": null,
                "Duration": 200,
                "MinimumDuration": -1,
                "MaximumDuration": -1,
                "TimeoutBehaviorChanges": [{
                    "Weight": 1.0,
                    "OutsideOnly": false,
                    "UpBehavior": null,
                    "DownBehavior": null,
                    "LeftBehavior": null,
                    "RightBehavior": null,
                    "Behavior": "SitDown"
                }],
                "PlayerNearbyBehaviorChanges": null,
                "RandomBehaviorChangeChance": 0.0,
                "RandomBehaviorChanges": null,
                "JumpLandBehaviorChanges": null
            },
            {   "Name": "SitDownBlinkContent",
                "IsSideBehavior": false,
                "RandomizeDirection": false,
                "Direction": "down",
                "WalkInDirection": false,
                "MoveSpeed": -1,
                "SoundOnStart": "CONTENT",
                "SoundRangeFromBorder": 2,
                "SoundRange": -1,
                "SoundIsVoice": true,
                "Shake": 200,
                "Animation": [{
                    "Frame": 19,
                    "Duration": 100,
                    "HitGround": false,
                    "Jump": false,
                    "Sound": null,
                    "SoundRangeFromBorder": -1,
                    "SoundRange": -1,
                    "SoundIsVoice": false
                }],
                "LoopMode": "Hold",
                "AnimationMinimumLoops": -1,
                "AnimationMaximumLoops": -1,
                "AnimationEndBehaviorChanges": null,
                "Duration": -1,
                "MinimumDuration": 8000,
                "MaximumDuration": 30000,
                "TimeoutBehaviorChanges": [{
                    "Weight": 1.0,
                    "OutsideOnly": false,
                    "UpBehavior": null,
                    "DownBehavior": null,
                    "LeftBehavior": null,
                    "RightBehavior": null,
                    "Behavior": "SitDown"
                }],
                "PlayerNearbyBehaviorChanges": null,
                "RandomBehaviorChangeChance": 0.0,
                "RandomBehaviorChanges": null,
                "JumpLandBehaviorChanges": null
            },
            {   "Name": "SitDown",
                "IsSideBehavior": false,
                "RandomizeDirection": false,
                "Direction": "down",
                "WalkInDirection": false,
                "MoveSpeed": -1,
                "SoundOnStart": null,
                "SoundRangeFromBorder": -1,
                "SoundRange": -1,
                "SoundIsVoice": false,
                "Shake": 0,
                "Animation": [{ 
                    "Frame": 18,
                    "Duration": 100,
                    "HitGround": false,
                    "Jump": false,
                    "Sound": null,
                    "SoundRangeFromBorder": -1,
                    "SoundRange": -1,
                    "SoundIsVoice": false
                }],
                "LoopMode": "Hold",
                "AnimationMinimumLoops": -1,
                "AnimationMaximumLoops": -1,
                "AnimationEndBehaviorChanges": null,
                "Duration": -1,
                "MinimumDuration": -1,
                "MaximumDuration": -1,
                "TimeoutBehaviorChanges": null,
                "PlayerNearbyBehaviorChanges": null,
                "RandomBehaviorChangeChance": 0.01,
                "RandomBehaviorChanges": [
                    {   "Behavior": "StandUpDown",
                        "Weight": 2.0,
                        "OutsideOnly": false,
                        "UpBehavior": null,
                        "DownBehavior": null,
                        "LeftBehavior": null,
                        "RightBehavior": null,
                    },
                    {   "Behavior": "SitDownBlinkShort",
                        "Weight": 0.72,
                        "OutsideOnly": false,
                        "UpBehavior": null,
                        "DownBehavior": null,
                        "LeftBehavior": null,
                        "RightBehavior": null,
                    },
                    {   "Behavior": "SitDownBlink",
                        "Weight": 0.88,
                        "OutsideOnly": false,
                        "UpBehavior": null,
                        "DownBehavior": null,
                        "LeftBehavior": null,
                        "RightBehavior": null,
                    },
                    {   "Behavior": "SitDownBlinkShortContent",
                        "Weight": 0.18,
                        "OutsideOnly": false,
                        "UpBehavior": null,
                        "DownBehavior": null,
                        "LeftBehavior": null,
                        "RightBehavior": null,
                    },
                    {   "Behavior": "SitDownBlinkContent",
                        "Weight": 0.22,
                        "OutsideOnly": false,
                        "UpBehavior": null,
                        "DownBehavior": null,
                        "LeftBehavior": null,
                        "RightBehavior": null,
                    }
                ],
                "JumpLandBehaviorChanges": null
            },
            {   "Name": "StandUpDown",
                "IsSideBehavior": false,
                "RandomizeDirection": false,
                "Direction": "down",
                "WalkInDirection": false,
                "MoveSpeed": -1,
                "SoundOnStart": null,
                "SoundRangeFromBorder": -1,
                "SoundRange": -1,
                "SoundIsVoice": false,
                "Shake": 0,
                "Animation": [
                    {   "Frame": 17,
                        "Duration": 200,
                        "HitGround": false,
                        "Jump": false,
                        "Sound": null,
                        "SoundRangeFromBorder": -1,
                        "SoundRange": -1,
                        "SoundIsVoice": false
                    },
                    {   "Frame": 16,
                        "Duration": 200,
                        "HitGround": false,
                        "Jump": false,
                        "Sound": null,
                        "SoundRangeFromBorder": -1,
                        "SoundRange": -1,
                        "SoundIsVoice": false
                    },
                    {   "Frame": 0,
                        "Duration": 200,
                        "HitGround": false,
                        "Jump": false,
                        "Sound": null,
                        "SoundRangeFromBorder": -1,
                        "SoundRange": -1,
                        "SoundIsVoice": false
                    }
                ],
                "LoopMode": "None",
                "AnimationMinimumLoops": -1,
                "AnimationMaximumLoops": -1,
                "AnimationEndBehaviorChanges": [{
                    "Weight": 1.0,
                    "OutsideOnly": false,
                    "UpBehavior": null,
                    "DownBehavior": null,
                    "LeftBehavior": null,
                    "RightBehavior": null,
                    "Behavior": "Walk"
                }],
                "Duration": -1,
                "MinimumDuration": -1,
                "MaximumDuration": -1,
                "TimeoutBehaviorChanges": null,
                "PlayerNearbyBehaviorChanges": null,
                "RandomBehaviorChangeChance": 0.0,
                "RandomBehaviorChanges": null,
                "JumpLandBehaviorChanges": null
            },
            {   "Name": "Flop",
                "IsSideBehavior": true,
                "RandomizeDirection": false,
                "Direction": null,
                "WalkInDirection": false,
                "MoveSpeed": -1,
                "SoundOnStart": null,
                "SoundRangeFromBorder": -1,
                "SoundRange": -1,
                "SoundIsVoice": false,
                "Shake": 0,
                "Animation": [
                    {   "Frame": 24,
                        "Duration": 200,
                        "HitGround": false,
                        "Jump": false,
                        "Sound": null,
                        "SoundRangeFromBorder": -1,
                        "SoundRange": -1,
                        "SoundIsVoice": false
                    },
                    {   "Frame": 25,
                        "Duration": 200,
                        "HitGround": false,
                        "Jump": false,
                        "Sound": null,
                        "SoundRangeFromBorder": -1,
                        "SoundRange": -1,
                        "SoundIsVoice": false
                    },
                    {   "Frame": 26,
                        "Duration": 200,
                        "HitGround": false,
                        "Jump": false,
                        "Sound": null,
                        "SoundRangeFromBorder": -1,
                        "SoundRange": -1,
                        "SoundIsVoice": false
                    },
                    {   "Frame": 27,
                        "Duration": 200,
                        "HitGround": false,
                        "Jump": false,
                        "Sound": "thudStep",
                        "SoundRangeFromBorder": 2,
                        "SoundRange": -1,
                        "SoundIsVoice": false
                    }
                ],
                "LoopMode": "Hold",
                "AnimationMinimumLoops": -1,
                "AnimationMaximumLoops": -1,
                "AnimationEndBehaviorChanges": null,
                "Duration": -1,
                "MinimumDuration": 8000,
                "MaximumDuration": 30000,
                "TimeoutBehaviorChanges": [{
                    "Weight": 1.0,
                    "OutsideOnly": false,
                    "UpBehavior": null,
                    "DownBehavior": null,
                    "LeftBehavior": null,
                    "RightBehavior": null,
                    "Behavior": "Unflop"
                }],
                "PlayerNearbyBehaviorChanges": null,
                "RandomBehaviorChangeChance": 0.0,
                "RandomBehaviorChanges": null,
                "JumpLandBehaviorChanges": null
            },
            // **** NEW BEHAVIORS ****
            {   "Name": "Unflop",
                "IsSideBehavior": true,
                "RandomizeDirection": false,
                "Direction": null,
                "WalkInDirection": false,
                "MoveSpeed": -1,
                "SoundOnStart": null,
                "SoundRangeFromBorder": -1,
                "SoundRange": -1,
                "SoundIsVoice": false,
                "Shake": 0,
                "Animation": [
                    {   "Frame": 27,
                        "Duration": 200,
                        "HitGround": false,
                        "Jump": false,
                        "Sound": "thudStep",
                        "SoundRangeFromBorder": 2,
                        "SoundRange": -1,
                        "SoundIsVoice": false
                    },
                    {   "Frame": 26,
                        "Duration": 200,
                        "HitGround": false,
                        "Jump": false,
                        "Sound": null,
                        "SoundRangeFromBorder": -1,
                        "SoundRange": -1,
                        "SoundIsVoice": false
                    },
                    {   "Frame": 25,
                        "Duration": 200,
                        "HitGround": false,
                        "Jump": false,
                        "Sound": null,
                        "SoundRangeFromBorder": -1,
                        "SoundRange": -1,
                        "SoundIsVoice": false
                    },
                    {   "Frame": 24,
                        "Duration": 200,
                        "HitGround": false,
                        "Jump": false,
                        "Sound": null,
                        "SoundRangeFromBorder": -1,
                        "SoundRange": -1,
                        "SoundIsVoice": false
                    },
                ],
                "LoopMode": "None",
                "AnimationMinimumLoops": -1,
                "AnimationMaximumLoops": -1,
                "AnimationEndBehaviorChanges": null,
                "Duration": -1,
                "MinimumDuration": -1,
                "MaximumDuration": -1,
                "TimeoutBehaviorChanges": [{
                    "Weight": 1.0,
                    "OutsideOnly": false,
                    "UpBehavior": null,
                    "DownBehavior": null,
                    "LeftBehavior": null,
                    "RightBehavior": null,
                    "Behavior": "Walk"
                }],
                "PlayerNearbyBehaviorChanges": null,
                "RandomBehaviorChangeChance": 0.0,
                "RandomBehaviorChanges": null,
                "JumpLandBehaviorChanges": null
            },
            {   "Name": "Startle",
                "IsSideBehavior": true,
                "RandomizeDirection": false,
                "Direction": "left",
                "WalkInDirection": false,
                "MoveSpeed": -1,
                "SoundOnStart": null,
                "SoundRangeFromBorder": -1,
                "SoundRange": -1,
                "SoundIsVoice": true,
                "Shake": 0,
                "Animation": [
                {   "Frame": 12, // walking left
                    "Duration": 100,
                    "HitGround": false,
                    "Jump": false,
                    "Sound": null,
                    "SoundRangeFromBorder": -1,
                    "SoundRange": -1,
                    "SoundIsVoice": false
                },
                {   "Frame": 26, // three-quarters turn
                    "Duration": 200,
                    "HitGround": false,
                    "Jump": false,
                    "Sound": null,
                    "SoundRangeFromBorder": -1,
                    "SoundRange": -1,
                    "SoundIsVoice": false
                },
                {    "Frame": 20, // faces camera, jumps
                    "Duration": 100,
                    "HitGround": false,
                    "Jump": true,
                    "Sound": "dustMeep",
                    "SoundRangeFromBorder": 2,
                    "SoundRange": -1,
                    "SoundIsVoice": false
                },
                {   "Frame": 21, // opens mouth
                    "Duration": 100,
                    "HitGround": false,
                    "Jump": false,
                    "Sound": "dustMeep",
                    "SoundRangeFromBorder": -1,
                    "SoundRange": -1,
                    "SoundIsVoice": true
                },
                {   "Frame": 22, // eyes widen
                    "Duration": 100,
                    "HitGround": false,
                    "Jump": false,
                    "Sound": null,
                    "SoundRangeFromBorder": -1,
                    "SoundRange": -1,
                    "SoundIsVoice": false
                },
                {   "Frame": 23, // hair stands up more
                    "Duration": 100,
                    "HitGround": false,
                    "Jump": false,
                    "Sound": null,
                    "SoundRangeFromBorder": -1,
                    "SoundRange": -1,
                    "SoundIsVoice": false
                },
                {   "Frame": 22, // repeat 22
                    "Duration": 100,
                    "HitGround": false,
                    "Jump": false,
                    "Sound": null,
                    "SoundRangeFromBorder": -1,
                    "SoundRange": -1,
                    "SoundIsVoice": false
                },
                {   "Frame": 23, // repeat 23
                    "Duration": 100,
                    "HitGround": false,
                    "Jump": false,
                    "Sound": null,
                    "SoundRangeFromBorder": -1,
                    "SoundRange": -1,
                    "SoundIsVoice": false
                },
                ],
                "LoopMode": "None",
                "AnimationMinimumLoops": -1,
                "AnimationMaximumLoops": -1,
                "AnimationEndBehaviorChanges": [
                    {   "Behavior": "Walk",
                        "Weight": 0.9,
                        "OutsideOnly": false,
                        "UpBehavior": null,
                        "DownBehavior": null,
                        "LeftBehavior": null,
                        "RightBehavior": null,
                    },
                    {   "Behavior": "PlayDead",
                        "Weight": 0.1,
                        "OutsideOnly": true,
                        "UpBehavior": null,
                        "DownBehavior": null,
                        "LeftBehavior": null,
                        "RightBehavior": null,
                    },
                ],
                "Duration": -1,
                "MinimumDuration": -1,
                "MaximumDuration": -1,
                "TimeoutBehaviorChanges": null,
                "PlayerNearbyBehaviorChanges": null,
                "RandomBehaviorChangeChance": 0.0,
                "RandomBehaviorChanges": null,
                "JumpLandBehaviorChanges": null
            },
            {   "Name": "PlayDead",
                "IsSideBehavior": true,
                "RandomizeDirection": false,
                "Direction": null,
                "WalkInDirection": false,
                "MoveSpeed": -1,
                "SoundOnStart": null,
                "SoundRangeFromBorder": -1,
                "SoundRange": -1,
                "SoundIsVoice": false,
                "Shake": 0,
                "Animation": [
                    {   "Frame": 26, // three-quarters turn
                        "Duration": 200,
                        "HitGround": false,
                        "Jump": false,
                        "Sound": null,
                        "SoundRangeFromBorder": -1,
                        "SoundRange": -1,
                        "SoundIsVoice": false
                    },
                    {   "Frame": 12, // walking left
                        "Duration": 200,
                        "HitGround": false,
                        "Jump": false,
                        "Sound": null,
                        "SoundRangeFromBorder": -1,
                        "SoundRange": -1,
                        "SoundIsVoice": false
                    },
                    {   "Frame": 27, // tongue sticking out
                        "Duration": 400,
                        "HitGround": false,
                        "Jump": false,
                        "Sound": null,
                        "SoundRangeFromBorder": -1,
                        "SoundRange": -1,
                        "SoundIsVoice": false
                    },
                    {   "Frame": 32, // 'dead'
                        "Duration": 10000,
                        "HitGround": false,
                        "Jump": true,
                        "Sound": null,
                        "SoundRangeFromBorder": -1,
                        "SoundRange": -1,
                        "SoundIsVoice": false
                    },
                ],
                "LoopMode": "None",
                "AnimationMinimumLoops": -1,
                "AnimationMaximumLoops": -1,
                "AnimationEndBehaviorChanges": [{
                    "Weight": 1.0,
                    "OutsideOnly": false,
                    "UpBehavior": null,
                    "DownBehavior": null,
                    "LeftBehavior": null,
                    "RightBehavior": null,
                    "Behavior": "Walk"
                }],
                "Duration": -1,
                "MinimumDuration": -1,
                "MaximumDuration": -1,
                "TimeoutBehaviorChanges": null,
                "PlayerNearbyBehaviorChanges": null,
                "RandomBehaviorChangeChance": 0.0,
                "RandomBehaviorChanges": null,
                "JumpLandBehaviorChanges": null
            }
        ],
        "GiftChance": 0.2, 
        "Gifts": [ // possum brings you its favorite snacks to share
            {   "QualifiedItemID": "LOCATION_FISH Mountain 44 14 1", // mountain fish at lake's edge
                "Stack": 1,
                "MinimumFriendshipThreshold": 1000,
                "Weight": 1.0,
            },
            {   "QualifiedItemID": "LOCATION_FISH Forest 67 52 1", // forest fish at river's edge
                "Stack": 1,
                "MinimumFriendshipThreshold": 1000,
                "Weight": 1.0,
            },
            {   "QualifiedItemID": "RANDOM_ITEMS (O) 716 721 722", // crayfish, snail, or periwinkle
                "Stack": 1,
                "MinimumFriendshipThreshold": 1000,
                "Weight": 0.5,
            },
            {   "QualifiedItemID": "RANDOM_ITEMS (O) 684 685", // bug meat or bug steak
                "Stack": 1,
                "MinimumFriendshipThreshold": 1000,
                "Weight": 0.5,
            },
            {   "QualifiedItemID": "RANDOM_ITEMS (O) 176 180 442", // white egg, brown egg, or duck egg
                "Stack": 1,
                "MinimumFriendshipThreshold": 1000,
                "Weight": 0.5,
            },
            {   "QualifiedItemID": "RANDOM_ITEMS (O) 613 634 635 636 637 638 834 91", // fruit tree fruits
                "Stack": 1,
                "MinimumFriendshipThreshold": 1000,
                "Weight": 0.5,
            },
            {   "QualifiedItemID": "RANDOM_ITEMS (O) 628 629 630 631 632 633 289 835 69", // VERY rarely, fruit tree saplings or ostrich egg`
                "Stack": 1,
                "MinimumFriendshipThreshold": 1000,
                "Weight": 0.05,
            }
        ],
        "Breeds": [
        {   "Id": "PetPossum_greyPossum",
            "Texture": "Mods\\PashaWithHat.PetPossum\\possumGrey",
            "IconTexture": "Mods\\PashaWithHat.PetPossum\\possumIcons",
            "IconSourceRect": {
                "X": 0,
                "Y": 0,
                "Width": 16,
                "Height": 16
            },
            "CanBeChosenAtStart": true,
            "CanBeAdoptedFromMarnie": true,
            "AdoptionPrice": 20000,
            "BarkOverride": null,
            "VoicePitch": 1.0
        },
        {   "Id": "PetPossum_silverPossum",
            "Texture": "Mods\\PashaWithHat.PetPossum\\possumSilver",
            "IconTexture": "Mods\\PashaWithHat.PetPossum\\possumIcons",
            "IconSourceRect": {
                "X": 16,
                "Y": 0,
                "Width": 16,
                "Height": 16
            },
            "CanBeChosenAtStart": true,
            "CanBeAdoptedFromMarnie": true,
            "AdoptionPrice": 20000,
            "BarkOverride": null,
            "VoicePitch": 1.0
        },
        ],
        "CustomFields": null
    }
    }
}
]}