{
	"Name": "DustSpirit_B_WA",
	"Type": "Walking",
	"EnableSpawnAtDayStart": false,
	"EnableCharacterCollision": false,
	"EnableFarmerCollision": false,
	"Scale": 0.8,
	"EnableShadow": true,
	"TravelSpeed": 2,
	"MaxIdleDistance": -1,
	"MaxDistanceBeforeTeleport": -1,
	"IdleBehavior": "Jumper",
	"FrameSizeWidth": 16,
	"FrameSizeHeight": 24,
	"TileSheetPath": "Characters\\DustSpirit_B_WA",

	// This plays when the companion travels upwards
	"UpAnimation": {
		"ManualFrames": [
		{
		"Frame": 0,
		"Duration": 100,
		"Flip": true
		},
		{
		"Frame": 1,
		"Duration": 100,
		"Flip": true
		},
		{
		"Frame": 2,
		"Duration": 100,
		"Flip": true
		},
		{
		"Frame": 3,
		"Duration": 100,
		"Flip": true
		}
		],
    "IdleAnimation": {
		"ManualFrames": [
		{
        "Frame": 0,
        "Duration": 100,
		"Flip": true
		},
		{
        "Frame": 1,
        "Duration": 100,
		"Flip": true
		},
		{
        "Frame": 2,
        "Duration": 100,
		"Flip": true
		},
		{
        "Frame": 3,
        "Duration": 100,
		"Flip": true
		},
    ],
    }
  },
	// This plays when the companion travels downwards
	"DownAnimation": {
		"StartingFrame": 0,
		"NumberOfFrames": 4,
		"Duration": 100,
    "IdleAnimation": {
		"StartingFrame": 0,
		"NumberOfFrames": 4,
		"Duration": 100,
    }
  },
	// This plays when the companion travels left
	"LeftAnimation": {
		"StartingFrame": 0,
		"NumberOfFrames": 4,
		"Duration": 100,
    "IdleAnimation": {
		"StartingFrame": 0,
		"NumberOfFrames": 4,
		"Duration": 100,
    }
  },
	// This plays when the companion travels right
	"RightAnimation": {
		"ManualFrames": [
		{
		"Frame": 0,
		"Duration": 100,
		"Flip": true
		},
		{
		"Frame": 1,
		"Duration": 100,
		"Flip": true
		},
		{
		"Frame": 2,
		"Duration": 100,
		"Flip": true
		},
		{
		"Frame": 3,
		"Duration": 100,
		"Flip": true
		}
		],
    "IdleAnimation": {
		"ManualFrames": [
		{
        "Frame": 0,
        "Duration": 100,
		"Flip": true
		},
		{
        "Frame": 1,
        "Duration": 100,
		"Flip": true
		},
		{
        "Frame": 2,
        "Duration": 100,
		"Flip": true
		},
		{
        "Frame": 3,
        "Duration": 100,
		"Flip": true
		},
    ],
    }
  },

"Sounds": [
	{
	"SoundName": "dustMeep",
	"WhenToPlay": "Idle",
	"TimeBetweenSound": 5000,
	"ChanceOfPlaying": 0.3
	}
] 
}