{
	"Name": "Ostrich_WA",
	"Type": "Walking",
	"EnableSpawnAtDayStart": false,
	"EnableCharacterCollision": false,
	"EnableFarmerCollision": true,
	"TravelSpeed": 2,
	"MaxIdleDistance": -1,
	"MaxDistanceBeforeTeleport": -1,
	"IdleBehavior": "Wander",
	"FrameSizeWidth": 32,
	"FrameSizeHeight": 32,
	"TileSheetPath": "Animals\\Ostrich",

	// This plays when the companion travels upwards
	"UpAnimation": {
		"StartingFrame": 8,
		"NumberOfFrames": 4,
		"Duration": 100,
	"IdleAnimation": {
		"StartingFrame": 8,
		"NumberOfFrames": 1,
		"Duration": 500
	}
	},
	// This plays when the companion travels downwards
	"DownAnimation": {
		"StartingFrame": 0,
		"NumberOfFrames": 4,
		"Duration": 100,
	"IdleAnimation": {
		"ManualFrames": [
		{
		"Frame": 0,
		"Duration": 3000
		},
		{
		"Frame": 16,
		"Duration": 150
		},
		{
		"Frame": 17,
		"Duration": 150
		},
		{
		"Frame": 18,
		"Duration": 250
		},
		{
		"Frame": 19,
		"Duration": 250
		},
		{
		"Frame": 18,
		"Duration": 250
		},
		{
		"Frame": 19,
		"Duration": 250
		},
		{
		"Frame": 18,
		"Duration": 250
		},
		{
		"Frame": 17,
		"Duration": 150
		},
		{
		"Frame": 16,
		"Duration": 150
		},
		]
	}
	},
	// This plays when the companion travels left
	"LeftAnimation": {
		"ManualFrames": [
		{
		"Frame": 4,
		"Duration": 100,
		"Flip": true
		},
		{
		"Frame": 5,
		"Duration": 100,
		"Flip": true
		},
		{
		"Frame": 6,
		"Duration": 100,
		"Flip": true
		},
		{
		"Frame": 7,
		"Duration": 100,
		"Flip": true
		}
		],
	"IdleAnimation": {
		"ManualFrames": [
		{
		"Frame": 4,
		"Duration": 3000,
		"Flip": true
		},
		]
	}
	},
	// This plays when the companion travels right
	"RightAnimation": {
		"StartingFrame": 4,
		"NumberOfFrames": 4,
		"Duration": 100,
	"IdleAnimation": {
		"StartingFrame": 4,
		"NumberOfFrames": 1,
		"Duration": 3000
	}
	},

"Sounds": [
	{
	"SoundName": "Ostrich",
	"WhenToPlay": "Idle",
	"TimeBetweenSound": 5000,
	"ChanceOfPlaying": 0.1
	}
]  
}