{
	"Name": "DeerBuck_WA",
	"Type": "Walking",
	"EnableSpawnAtDayStart": false,
	"EnableCharacterCollision": false,
	"EnableFarmerCollision": true,
	"TravelSpeed": 2,
	"MaxIdleDistance": -1,
	"MaxDistanceBeforeTeleport": -1,
	"IdleBehavior": "Wander",
	"FrameSizeWidth": 32,
	"FrameSizeHeight": 32,

	// This plays when the companion travels upwards
	"UpAnimation": {
		"StartingFrame": 8,
		"NumberOfFrames": 4,
		"Duration": 150,
	"IdleAnimation": {
		"ManualFrames": [
		{
		"Frame": 8,
		"Duration": 3000,
		},
		{
		"Frame": 24,
		"Duration": 250,
		},
		{
		"Frame": 25,
		"Duration": 250,
		},
		{
		"Frame": 26,
		"Duration": 250,
		},
		{
		"Frame": 25,
		"Duration": 250,
		},
		{
		"Frame": 24,
		"Duration": 250,
		},
		{
		"Frame": 8,
		"Duration": 250,
		},
		{
		"Frame": 24,
		"Duration": 250,
		},
		{
		"Frame": 25,
		"Duration": 250,
		},
		{
		"Frame": 26,
		"Duration": 250,
		},
		{
		"Frame": 25,
		"Duration": 250,
		},
		{
		"Frame": 24,
		"Duration": 250,
		},
		],
	}
	},
	// This plays when the companion travels downwards
	"DownAnimation": {
		"StartingFrame": 0,
		"NumberOfFrames": 4,
		"Duration": 150,
	"IdleAnimation": {
		"ManualFrames": [
		{
		"Frame": 0,
		"Duration": 3000,
		},
		{
		"Frame": 20,
		"Duration": 100,
		},
		{
		"Frame": 21,
		"Duration": 100,
		},
		{
		"Frame": 22,
		"Duration": 500,
		},
		{
		"Frame": 23,
		"Duration": 500,
		},
		{
		"Frame": 22,
		"Duration": 500,
		},
		{
		"Frame": 23,
		"Duration": 500,
		},
		{
		"Frame": 22,
		"Duration": 500,
		},
		{
		"Frame": 23,
		"Duration": 500,
		},
		{
		"Frame": 22,
		"Duration": 500,
		},
		{
		"Frame": 21,
		"Duration": 100,
		},
		{
		"Frame": 20,
		"Duration": 100,
		},
		],
	}
	},
	// This plays when the companion travels left
	"LeftAnimation": {
		"StartingFrame": 12,
		"NumberOfFrames": 4,
		"Duration": 150,
	"IdleAnimation": {
		"ManualFrames": [
		{
		"Frame": 12,
		"Duration": 3000,
		},
		{
		"Frame": 16,
		"Duration": 250,
		"Flip": true
		},
		{
		"Frame": 17,
		"Duration": 250,
		"Flip": true
		},
		{
		"Frame": 18,
		"Duration": 250,
		"Flip": true
		},
		{
		"Frame": 19,
		"Duration": 250,
		"Flip": true
		},
		],
	}
	},
	// This plays when the companion travels right
	"RightAnimation": {
		"StartingFrame": 4,
		"NumberOfFrames": 4,
		"Duration": 150,
	"IdleAnimation": {
		"ManualFrames": [
		{
		"Frame": 4,
		"Duration": 3000,
		},
		{
		"Frame": 16,
		"Duration": 250,
		},
		{
		"Frame": 17,
		"Duration": 250,
		},
		{
		"Frame": 18,
		"Duration": 250,
		},
		{
		"Frame": 19,
		"Duration": 250,
		},
		],
	}
	},

"Sounds": [
	{
	"SoundName": "grunt",
	"WhenToPlay": "Idle",
	"TimeBetweenSound": 5000,
	"ChanceOfPlaying": 0.1
	}
]  
}