{
	"Format": "1.27.0",

	"ConfigSchema": {
		"Cat_1 Retexture": {
			"AllowValues": "Vanilla, Opossum, Raccoon, Skunk",
			"Default": "Opossum"
		},
		"Cat_2 Retexture": {
			"AllowValues": "Vanilla, Opossum, Raccoon, Skunk",
			"Default": "Raccoon"
		},
		"Cat_3 Retexture": {
			"AllowValues": "Vanilla, Opossum, Raccoon, Skunk",
			"Default": "Skunk"
		},
	},

	"Changes": [

	// PETS
	{	
	"Action": "Load",
	"Target": "Animals/cat",
	"FromFile": "assets/{{Cat_1 Retexture}}.png",
		"When": {
			"Cat_1 Retexture": "Opossum, Raccoon, Skunk",
			},
	"Update": "OnLocationChange"
	},
	{
	"Action": "Load",
	"Target": "Animals/cat1",
	"FromFile": "assets/{{Cat_2 Retexture}}.png",
		"When": {
			"Cat_2 Retexture": "Opossum, Raccoon, Skunk",
			},
	"Update": "OnLocationChange"
	},
	{
	"Action": "Load",
	"Target": "Animals/cat2",
	"FromFile": "assets/{{Cat_3 Retexture}}.png",
		"When": {
			"Cat_3 Retexture": "Opossum, Raccoon, Skunk",
			},
	"Update": "OnLocationChange"
	},

	// UI
	{
	"Action": "EditImage",
	"Target": "LooseSprites/Cursors",
	"FromFile": "assets/{{Cat_1 Retexture}}_UI.png",
	"FromArea": { "X": 0, "Y": 0, "Width": 16, "Height": 16 }, 
	"ToArea": { "X": 159, "Y": 208, "Width": 16, "Height": 16 }, 
		"When": {
			"Cat_1 Retexture": "Opossum, Raccoon, Skunk",
			},
	"Update": "OnLocationChange"
	},
	{
	"Action": "EditImage",
	"Target": "LooseSprites/Cursors",
	"FromFile": "assets/{{Cat_2 Retexture}}_UI.png",
	"FromArea": { "X": 0, "Y": 0, "Width": 16, "Height": 16 }, 
	"ToArea": { "X": 175, "Y": 208, "Width": 16, "Height": 16 }, 
		"When": {
			"Cat_1 Retexture": "Opossum, Raccoon, Skunk",
			},
	"Update": "OnLocationChange"
	},
	{
	"Action": "EditImage",
	"Target": "LooseSprites/Cursors",
	"FromFile": "assets/{{Cat_3 Retexture}}_UI.png",
	"FromArea": { "X": 0, "Y": 0, "Width": 16, "Height": 16 }, 
	"ToArea": { "X": 191, "Y": 208, "Width": 16, "Height": 16 }, 
		"When": {
			"Cat_3 Retexture": "Opossum, Raccoon, Skunk",
			},
	"Update": "OnLocationChange"
	},
	]
}