{
	"Format": "2.0",
	"Changes": [
		{
			"Action": "EditData",
			"Target": "Data/Locations",
			"Entries": {
				"juminos.DeepSea_DeepSeaLake": {
					"DisplayName": "Deep Sea Lake",
					"DefaultArrivalTile": {
						"X": 13,
						"Y": 10
					},
					"CreateOnLoad": {
						"MapPath": "Mods/juminos.DeepSea/zDeepSeaLake",
						"Type": "StardewValley.Locations.Mine",
						"AlwaysActive": false
					},
					"ExcludeFromNpcPathfinding": false,
					"CanPlantHere": false,
					"ArtifactSpots": [],
					"FishAreas": {},
					"Fish": [],
					"Forage": [
						{
							"Chance": 0.9,
							"Season": null,
							"Condition": "LOCATION_SEASON Here spring summer fall",
							"Id": "Clam_SpringSummerFall",
							"ItemId": "(O)372",
							"RandomItemId": null,
							"MaxItems": null,
							"MinStack": -1,
							"MaxStack": -1,
							"Quality": -1,
							"ObjectInternalName": null,
							"ObjectDisplayName": null,
							"ToolUpgradeLevel": -1,
							"IsRecipe": false,
							"StackModifiers": null,
							"StackModifierMode": "Stack",
							"QualityModifiers": null,
							"QualityModifierMode": "Stack",
							"PerItemCondition": null
						},
						{
							"Chance": 0.1,
							"Season": null,
							"Condition": "LOCATION_SEASON Here spring summer fall",
							"Id": "Cockle_SpringSummerFall",
							"ItemId": "(O)718",
							"RandomItemId": null,
							"MaxItems": null,
							"MinStack": -1,
							"MaxStack": -1,
							"Quality": -1,
							"ObjectInternalName": null,
							"ObjectDisplayName": null,
							"ToolUpgradeLevel": -1,
							"IsRecipe": false,
							"StackModifiers": null,
							"StackModifierMode": "Stack",
							"QualityModifiers": null,
							"QualityModifierMode": "Stack",
							"PerItemCondition": null
						},
						{
							"Chance": 0.3,
							"Season": null,
							"Condition": "LOCATION_SEASON Here spring summer fall",
							"Id": "Mussel_SpringSummerFall",
							"ItemId": "(O)719",
							"RandomItemId": null,
							"MaxItems": null,
							"MinStack": -1,
							"MaxStack": -1,
							"Quality": -1,
							"ObjectInternalName": null,
							"ObjectDisplayName": null,
							"ToolUpgradeLevel": -1,
							"IsRecipe": false,
							"StackModifiers": null,
							"StackModifierMode": "Stack",
							"QualityModifiers": null,
							"QualityModifierMode": "Stack",
							"PerItemCondition": null
						},
						{
							"Chance": 0.3,
							"Season": null,
							"Condition": "LOCATION_SEASON Here spring summer fall",
							"Id": "Oyster_SpringSummerFall",
							"ItemId": "(O)723",
							"RandomItemId": null,
							"MaxItems": null,
							"MinStack": -1,
							"MaxStack": -1,
							"Quality": -1,
							"ObjectInternalName": null,
							"ObjectDisplayName": null,
							"ToolUpgradeLevel": -1,
							"IsRecipe": false,
							"StackModifiers": null,
							"StackModifierMode": "Stack",
							"QualityModifiers": null,
							"QualityModifierMode": "Stack",
							"PerItemCondition": null
						},
						{
							"Chance": 0.5,
							"Season": "Summer",
							"Condition": null,
							"Id": "(O)394",
							"ItemId": "(O)394",
							"RandomItemId": null,
							"MaxItems": null,
							"MinStack": -1,
							"MaxStack": -1,
							"Quality": -1,
							"ObjectInternalName": null,
							"ObjectDisplayName": null,
							"ToolUpgradeLevel": -1,
							"IsRecipe": false,
							"StackModifiers": null,
							"StackModifierMode": "Stack",
							"QualityModifiers": null,
							"QualityModifierMode": "Stack",
							"PerItemCondition": null
						},
						{
							"Chance": 0.4,
							"Season": "Winter",
							"Condition": null,
							"Id": "Clam_Winter",
							"ItemId": "(O)372",
							"RandomItemId": null,
							"MaxItems": null,
							"MinStack": -1,
							"MaxStack": -1,
							"Quality": -1,
							"ObjectInternalName": null,
							"ObjectDisplayName": null,
							"ToolUpgradeLevel": -1,
							"IsRecipe": false,
							"StackModifiers": null,
							"StackModifierMode": "Stack",
							"QualityModifiers": null,
							"QualityModifierMode": "Stack",
							"PerItemCondition": null
						},
						{
							"Chance": 0.8,
							"Season": "Winter",
							"Condition": null,
							"Id": "(O)392",
							"ItemId": "(O)392",
							"RandomItemId": null,
							"MaxItems": null,
							"MinStack": -1,
							"MaxStack": -1,
							"Quality": -1,
							"ObjectInternalName": null,
							"ObjectDisplayName": null,
							"ToolUpgradeLevel": -1,
							"IsRecipe": false,
							"StackModifiers": null,
							"StackModifierMode": "Stack",
							"QualityModifiers": null,
							"QualityModifierMode": "Stack",
							"PerItemCondition": null
						},
						{
							"Chance": 0.05,
							"Season": "Winter",
							"Condition": null,
							"Id": "Cockle_Winter",
							"ItemId": "(O)718",
							"RandomItemId": null,
							"MaxItems": null,
							"MinStack": -1,
							"MaxStack": -1,
							"Quality": -1,
							"ObjectInternalName": null,
							"ObjectDisplayName": null,
							"ToolUpgradeLevel": -1,
							"IsRecipe": false,
							"StackModifiers": null,
							"StackModifierMode": "Stack",
							"QualityModifiers": null,
							"QualityModifierMode": "Stack",
							"PerItemCondition": null
						},
						{
							"Chance": 0.2,
							"Season": "Winter",
							"Condition": null,
							"Id": "Mussel_Winter",
							"ItemId": "(O)719",
							"RandomItemId": null,
							"MaxItems": null,
							"MinStack": -1,
							"MaxStack": -1,
							"Quality": -1,
							"ObjectInternalName": null,
							"ObjectDisplayName": null,
							"ToolUpgradeLevel": -1,
							"IsRecipe": false,
							"StackModifiers": null,
							"StackModifierMode": "Stack",
							"QualityModifiers": null,
							"QualityModifierMode": "Stack",
							"PerItemCondition": null
						},
						{
							"Chance": 0.2,
							"Season": "Winter",
							"Condition": null,
							"Id": "Oyster_Winter",
							"ItemId": "(O)723",
							"RandomItemId": null,
							"MaxItems": null,
							"MinStack": -1,
							"MaxStack": -1,
							"Quality": -1,
							"ObjectInternalName": null,
							"ObjectDisplayName": null,
							"ToolUpgradeLevel": -1,
							"IsRecipe": false,
							"StackModifiers": null,
							"StackModifierMode": "Stack",
							"QualityModifiers": null,
							"QualityModifierMode": "Stack",
							"PerItemCondition": null
						}
					],
					"MinDailyWeeds": 2,
					"MaxDailyWeeds": 5,
					"FirstDayWeedMultiplier": 15,
					"MinDailyForageSpawn": 1,
					"MaxDailyForageSpawn": 4,
					"MaxSpawnedForageAtOnce": 6,
					"ChanceForClay": 0.03,
					"Music": [],
					"MusicDefault": "ocean",
					"MusicContext": "Default",
					"MusicIgnoredInRain": false,
					"MusicIgnoredInSpring": false,
					"MusicIgnoredInSummer": false,
					"MusicIgnoredInFall": false,
					"MusicIgnoredInFallDebris": false,
					"MusicIgnoredInWinter": false,
					"MusicIsTownTheme": false
				}
			}
		},
		{
			"Action": "Load",
			"Target": "Mods/juminos.DeepSea/zDeepSeaLake",
			"FromFile": "assets/{{TargetWithoutPath}}.tmx"
		}
	]
}