{
  "Id": "squiver.moths",
  "SpriteData": {
    "Variations": 5,
    "FrameWidth": 16,
    "FrameHeight": 16,
    "Scale": 4
  },
  "Animations": {
    "default": {
      "Frames": [
        {
          "Frame": 0,
          "Duration": 300
        },
        {
          "Frame": 1,
          "Duration": 60
        },
        {
          "Frame": 2,
          "Duration": 70
        },
        {
          "Frame": 1,
          "Duration": 60
        }
      ]
    }
  },
  "SpawnConditions": [
    {
      "Not": false,
      "Seasons": [ "spring", "summer", "fall" ],
      "Locations": [ "Farm", "Town", "Mountain", "Forest", "BustStop", "Woods", "Backwoods" ],
      "MinTimeOfDay": 1750,
      "MaxTimeOfDay": 2600,
      "ChancePerTile": 1,
      "RequireDarkOut": true,
      "AllowRain": false,
      "ChildrenCombine": "and",
      "Children": []
    }  
  ],
  "SpawnLocations": [
    {
      "LocationType": "random",
      "Conditions": [
        {
          "Not": false,
          "Chance": 10,
          "Variable": "ParentSheetIndex",
          "RequireNotNull": false,
          "Is": null,
          "ValueEquals": "0",
          "ChildrenCombine": "and",
          "Children": []
        }
      ]
    }
  ],
  "SpawnAttempts": 50,
  "Behavior": {
    "Type": "random",
    "Speed": 1,
    "PatrolPoints": [
      {
        "Type": "random"
      },
      {
        "Type": "startoffset",
        "X": 1,
        "Y": 3
      },
      {
        "Type": "startoffset",
        "X": 4,
        "Y": 7
      },
      {
        "Type": "startoffset",
        "X": -2,
        "Y": -3
      },
      {
        "Type": "startoffset",
        "X": -7,
        "Y": -3
      }
    ],
    "PatrolPointDelay": 0,
    "PatrolPointDelayAddRandom": 0
  }
}