{
//	"Format": "2.0.0",

	"Changes": [

// BACKWOODS ANIMALS
	{
		"LogName": "Add timid opossums in the backwoods",
		"Action": "EditMap",
		"Target": "Maps/Backwoods",
		"MapTiles": [
            {
               "Position": { "X": 30, "Y": 12 },
               "Layer": "Back",
               "SetProperties": {
                  "CustomCompanions": "Spawn {{Random: 0, 1, 2}} SmolHooman.WildAnimalsCC.{{Random: Opossum_Timid_WA, Opossum_Timid_WA, Opossum_Timid_WA, OpossumJoeys_WA}}"
               },
            },
         ],
		"When": {
			"Load Wild Opossums": "true",
			"Season": "Spring, Summer, Fall",
			"HasWalletItem |contains=BearsKnowledge": "false",
			"Time": "{{Range: 1800, 2600}}",
			"Weather": "Sun, Wind",
			},
		"Update": "OnLocationChange"
	},
	{
		"LogName": "Add opossums in the backwoods",
		"Action": "EditMap",
		"Target": "Maps/Backwoods",
		"MapTiles": [
            {
               "Position": { "X": 30, "Y": 12 },
               "Layer": "Back",
               "SetProperties": {
                  "CustomCompanions": "Spawn {{Random: 0, 1, 2}} SmolHooman.WildAnimalsCC.{{Random: Opossum_WA, Opossum_WA, OpossumJoeys_WA, OpossumJoeys_WA}}"
               },
            },
         ],
		"When": {
			"Load Wild Opossums": "true",
			"Season": "Spring, Summer, Fall",
			"HasWalletItem |contains=BearsKnowledge": "true",
			"Time": "{{Range: 1800, 2600}}",
			"Weather": "Sun, Wind",
			},
		"Update": "OnLocationChange"
	},
	{
		"LogName": "Add wild quails in the backwoods",
		"Action": "EditMap",
		"Target": "Maps/Backwoods",
		"MapTiles": [
            {
               "Position": { "X": 18, "Y": 18 },
               "Layer": "Back",
               "SetProperties": {
                  "CustomCompanions": "Spawn {{Random: 0, 1 |key=Quails}} SmolHooman.WildAnimalsCC.QuailHen_WA"
               },
            },
            {
               "Position": { "X": 20, "Y": 16 },
               "Layer": "Back",
               "SetProperties": {
                  "CustomCompanions": "Spawn {{Random: 0, 1}} SmolHooman.WildAnimalsCC.QuailCock_WA"
               },
            },
            {
               "Position": { "X": 16, "Y": 17 },
               "Layer": "Back",
               "SetProperties": {
                  "CustomCompanions": "Spawn {{Random: 0, 3 |key=Quails}} SmolHooman.WildAnimalsCC.Chick_WA"
               },
            },
         ],
		"When": {
			"Load Wild Quails": "true",
			"Weather": "Sun, Wind",
			"Time": "{{Range: 0600, 1800}}",
			"Year |contains=1": "false",
			},
		"Update": "OnLocationChange"
	},
	{
		"LogName": "Add timid squirrels in the backwoods",
		"Action": "EditMap",
		"Target": "Maps/Backwoods",
		"MapTiles": [
            {
               "Position": { "X": 43, "Y": 14 },
               "Layer": "Back",
               "SetProperties": {
                  "CustomCompanions": "Spawn {{Random: 0, 1, 2}} SmolHooman.WildAnimalsCC.Squirrel_Timid_WA"
               },
            },
         ],
		"When": {
			"Load Wild Squirrels + Chipmunks": "true",
			"Season": "Spring, Summer, Fall",
			"Weather": "Sun, Wind",
			"Year": "1",
			},
		"Update": "OnLocationChange"
	},
	{
		"LogName": "Add timid squirrels and chipmunks in the backwoods",
		"Action": "EditMap",
		"Target": "Maps/Backwoods",
		"MapTiles": [
            {
               "Position": { "X": 43, "Y": 14 },
               "Layer": "Back",
               "SetProperties": {
                  "CustomCompanions": "Spawn {{Random: 0, 1, 2}} SmolHooman.WildAnimalsCC.{{Random: Squirrel_Timid_WA, Squirrel_Timid_WA, Chipmunk_Timid_WA}}"
               },
            },
         ],
		"When": {
			"Load Wild Squirrels + Chipmunks": "true",
			"Season": "Spring, Summer, Fall",
			"Weather": "Sun, Wind",
			"Year |contains=1": "false",
			},
		"Update": "OnLocationChange"
	},

// BEACH ANIMALS
	{
		"LogName": "Add crabs on the beach (normal)",
		"Action": "EditMap",
		"Target": "Maps/Beach",
		"MapTiles": [
            {
               "Position": {
					"X": "{{Random: 53, 21, 67 |key=beach crabs coordinate}}",
					"Y": "{{Random: 12, 18, 9 |key=beach crabs coordinate}}"
            },
               "Layer": "Back",
               "SetProperties": {
                  "CustomCompanions": "Spawn {{Random: 0, 0, 1, 2, 3}} SmolHooman.WildAnimalsCC.Crab_WA"
               },
            },
         ],
		"When": {
			"Allow Bonus Animals": "false",
			"Load Wild Crabs": "true",
			"Season": "Spring, Summer, Fall",
			"Weather": "Sun, Wind, Rain",
			},
		"Update": "OnLocationChange"
	},
	{
		"LogName": "Add a crab in Elliot's house",
		"Action": "EditMap",
		"Target": "Maps/ElliottHouse",
		"MapTiles": [
            {
               "Position": { "X": 5, "Y": 5 },
               "Layer": "Back",
               "SetProperties": {
                  "CustomCompanions": "Spawn {{Random: 0, 0, 1}} SmolHooman.WildAnimalsCC.Crab_WA"
               },
            },
         ],
		"When": {
			"Load Wild Crabs": "true",
			"Season": "Spring, Summer, Fall",
			"Weather": "Sun, Wind, Rain",
			},
		"Update": "OnLocationChange"
	},
	{
		"LogName": "Add gembirds on the beach",
		"Action": "EditMap",
		"Target": "Maps/Beach",
		"MapTiles": [
            {
               "Position": { "X": 12, "Y": 19 },
               "Layer": "Back",
               "SetProperties": {
                  "CustomCompanions": "Spawn {{Random: 0, 0, 0, 1, 2}} SmolHooman.WildAnimalsCC.GemBird_WA"
               },
            },
         ],
		"When": {
			"Load Wild Gembirds": "true",
			"Time": "{{Range: 0600, 1800}}",
			"Weather": "Rain",
			},
		"Update": "OnLocationChange"
	},
	{
		"LogName": "Add pelicans and seagulls on the beach",
		"Action": "EditMap",
		"Target": "Maps/Beach",
		"MapTiles": [
            {
               "Position": {
					"X": "{{Random: 39, 26, 88 |key=beach birds coordinate}}",
					"Y": "{{Random: 8, 25, 19 |key=beach birds coordinate}}"
            },
               "Layer": "Back",
               "SetProperties": {
                  "CustomCompanions": "Spawn {{Random: 0, 0, 1, 2, 3}} SmolHooman.WildAnimalsCC.{{Random: Pelican_WA, Pelican_WA, Seagull_WA, Seagull_WA, PelicanPouch_WA}}"
               },
            },
            {
               "Position": { "X": 32, "Y": 41 },
               "Layer": "Back",
               "SetProperties": {
                  "CustomCompanions": "Spawn {{Random: 0, 0, 1, 2}} SmolHooman.WildAnimalsCC.{{Random: PelicanSwimming_WA, PelicanSwimming_WA, SeagullSwimming_WA, SeagullSwimming_WA, SeagullSwimming_WA, PelicanPouchSwimming_WA}}"
               },
            },
            {
               "Position": { "X": 39, "Y": 41 },
               "Layer": "Back",
               "SetProperties": {
                  "CustomCompanions": "Spawn {{Random: 0, 1, 2, 3}} SmolHooman.WildAnimalsCC.SeagullSwimming_WA"
               },
            },
         ],
		"When": {
			"Load Wild Pelicans + Seagulls": "true",
			"Time": "{{Range: 0600, 1800}}",
			"Season": "Spring, Summer, Fall",
			"Weather": "Rain, Sun, Wind",
			},
		"Update": "OnLocationChange"
	},
	{
		"LogName": "Add sea otters in the beach's waters",
		"Action": "EditMap",
		"Target": "Maps/Beach",
		"MapTiles": [
            {
               "Position": {
					"X": "{{Random: 3, 19 |key=beach otters coordinate}}",
					"Y": "{{Random: 21, 30 |key=beach otters coordinate}}"
            },
               "Layer": "Back",
               "SetProperties": {
                  "CustomCompanions": "Spawn {{Random: 0, 0, 1, 2}} SmolHooman.WildAnimalsCC.OtterSea_WA"
               },
            },
            {
               "Position": {
					"X": "{{Random: 3, 19 |key=beach otters coordinate}}",
					"Y": "{{Random: 22, 29 |key=beach otters coordinate}}"
            },
               "Layer": "Back",
               "SetProperties": {
                  "CustomCompanions": "Spawn {{Random: 0, 0, 1}} SmolHooman.WildAnimalsCC.{{Random: OtterSea_WA, OtterSea_WA, OtterSeaPup_WA}}"
               },
            },
         ],
		"When": {
			"Load Wild Otters": "true",
			"Weather": "Rain, Snow, Sun, Wind",
			},
		"Update": "OnLocationChange"
	},
	{
		"LogName": "Add timid sea turtles on the beach",
		"Action": "EditMap",
		"Target": "Maps/Beach",
		"MapTiles": [
            {
               "Position": {
					"X": "{{Random: 64, 77, 86 |key=beach turtle coordinate}}",
					"Y": "{{Random: 20, 22, 7 |key=beach turtle coordinate}}"
            },
               "Layer": "Back",
               "SetProperties": {
                  "CustomCompanions": "Spawn {{Random: 0, 1, 2}} SmolHooman.WildAnimalsCC.Turtle_Timid_WA"
               },
            },
         ],
		"When": {
			"Load Wild Turtles": "true",
			"HasWalletItem |contains=SpecialCharm": "false",
			"IsJojaMartComplete": "false",
			"Season": "Spring, Summer, Fall",
			"Time": "{{Range: 0600, 1200}}",
			"Weather": "Sun, Wind",
			},
		"Update": "OnLocationChange"
	},
	{
		"LogName": "Add sea turtles on the beach",
		"Action": "EditMap",
		"Target": "Maps/Beach",
		"MapTiles": [
            {
               "Position": {
					"X": "{{Random: 64, 77, 86 |key=beach turtle coordinate}}",
					"Y": "{{Random: 20, 22, 7 |key=beach turtle coordinate}}"
            },
               "Layer": "Back",
               "SetProperties": {
                  "CustomCompanions": "Spawn {{Random: 0, 1, 2}} SmolHooman.WildAnimalsCC.Turtle_WA"
               },
            },
         ],
		"When": {
			"Load Wild Turtles": "true",
			"HasWalletItem |contains=SpecialCharm": "true",
			"IsJojaMartComplete": "false",
			"Season": "Spring, Summer, Fall",
			"Time": "{{Range: 0600, 1200}}",
			"Weather": "Sun, Wind",
			},
		"Update": "OnLocationChange"
	},
	{
		"LogName": "Add sea turtles in the beach waters (1)",
		"Action": "EditMap",
		"Target": "Maps/Beach",
		"MapTiles": [
            {
               "Position": { "X": 76, "Y": 29 },
               "Layer": "Back",
               "SetProperties": {
                  "CustomCompanions": "Spawn {{Random: 0, 0, 1, 2}} SmolHooman.WildAnimalsCC.TurtleSwimming_WA"
               },
            },
         ],
		"When": {
			"Load Wild Turtles": "true",
			"Weather": "Sun, Wind",			
			"Season": "Spring, Summer, Fall",
			"Time": "{{Range: 1200, 2600}}",
			},
		"Update": "OnLocationChange"
	},
	{
		"LogName": "Add sea turtles in the beach waters (2)",
		"Action": "EditMap",
		"Target": "Maps/Beach",
		"MapTiles": [
            {
               "Position": { "X": 76, "Y": 29 },
               "Layer": "Back",
               "SetProperties": {
                  "CustomCompanions": "Spawn {{Random: 0, 0, 1, 2}} SmolHooman.WildAnimalsCC.TurtleSwimming_WA"
               },
            },
         ],
		"When": {
			"Load Wild Turtles": "true",
			"Weather": "Rain",			
			"Season": "Spring, Summer, Fall",
			},
		"Update": "OnLocationChange"
	},
	{
		"LogName": "Add sea turtle hatchlings on the beach",
		"Action": "EditMap",
		"Target": "Maps/Beach",
		"MapTiles": [
            {
               "Position": { "X": 81, "Y": 8 },
               "Layer": "Back",
               "SetProperties": {
                  "CustomCompanions": "Spawn {{Random: 0, 1, 2, 3}} SmolHooman.WildAnimalsCC.TurtleHatchling_WA"
               },
            },
            {
               "Position": { "X": 82, "Y": 7 },
               "Layer": "Back",
               "SetProperties": {
                  "CustomCompanions": "Spawn {{Random: 0, 1, 2, 3}} SmolHooman.WildAnimalsCC.TurtleHatchling_WA"
               },
            },
         ],
		"When": {
			"Load Wild Turtles": "true",
			"Season": "Summer",
			"Time": "{{Range: 1800, 2600}}",
			"Weather": "Sun, Wind",
			"Year |contains=1": "false",
			},
		"Update": "OnLocationChange"
	},

// BUSSTOP ANIMALS
	{
		"LogName": "Add timid squirrels and chipmunks in the bus stop",
		"Action": "EditMap",
		"Target": "Maps/BusStop",
		"MapTiles": [
            {
               "Position": { "X": 19, "Y": 16 },
               "Layer": "Back",
               "SetProperties": {
                  "CustomCompanions": "Spawn {{Random: 0, 0, 1}} SmolHooman.WildAnimalsCC.{{Random: Squirrel_Timid_WA, Squirrel_Timid_WA, Chipmunk_Timid_WA}}"
               },
            },
         ],
		"When": {
			"Load Wild Squirrels + Chipmunks": "true",
			"Season": "Spring, Summer, Fall",
			"Weather": "Sun, Wind",
			"Year |contains=1": "false",
			},
		"Update": "OnLocationChange"
	},

// COMMUNITY CENTER ANIMALS
	{
		"LogName": "Add rats in the empty community center",
		"Action": "EditMap",
		"Target": "Maps/CommunityCenter_Ruins",
		"MapTiles": [
            {
               "Position": { "X": 26, "Y": 18 },
               "Layer": "Back",
               "SetProperties": {
                  "CustomCompanions": "Spawn {{Random: 0, 1, 2, 3}} SmolHooman.WildAnimalsCC.Rat_WA"
               },
            },
         ],
		"When": {
			"Load Wild Rats": "true",
			"IsCommunityCenterComplete": "false",
			"IsJojaMartComplete": "false",
			},
		"Update": "OnLocationChange"
	},

// DESERT ANIMALS
	{
		"LogName": "Add armadillos in the desert",
		"Action": "EditMap",
		"Target": "Maps/Desert",
		"MapTiles": [
            {
               "Position": { "X": 16, "Y": 76 },
               "Layer": "Back",
               "SetProperties": {
                  "CustomCompanions": "Spawn {{Random: 0, 1, 2}} SmolHooman.WildAnimalsCC.Armadillo_WA"
               },
            },
         ],
		"When": {
			"Load Wild Armadillos": "true",
			},
		"Update": "OnLocationChange"
	},
	{
		"LogName": "Adds coyotes on the desert",
		"Action": "EditMap",
		"Target": "Maps/Desert",
		"MapTiles": [
            {
               "Position": { "X": 15, "Y": 35 },
               "Layer": "Back",
               "SetProperties": {
                  "CustomCompanions": "Spawn {{Random: 0, 1, 2, 3}} SmolHooman.WildAnimalsCC.Coyote_WA"
               },
            },
         ],
		"When": {
			"Load Wild Coyotes": "true",
			"Time": "{{Range: 1800, 2600}}",
			},
		"Update": "OnLocationChange"
	},
	{
		"LogName": "Add timid fennec foxes on the desert",
		"Action": "EditMap",
		"Target": "Maps/Desert",
		"MapTiles": [
            {
               "Position": { "X": 40, "Y": 93 },
               "Layer": "Back",
               "SetProperties": {
                  "CustomCompanions": "Spawn {{Random: 0, 1, 2, 3}} SmolHooman.WildAnimalsCC.FennecFox_Timid_WA"
               },
            },
            {
               "Position": { "X": 50, "Y": 95 },
               "Layer": "Back",
               "SetProperties": {
                  "CustomCompanions": "Spawn {{Random: 0, 1, 2}} SmolHooman.WildAnimalsCC.FennecFox_Timid_WA"
               },
            },
         ],
		"When": {
			"Load Wild Fennec Foxes": "true",
			"HasWalletItem |contains=BearsKnowledge": "false",
			"Time": "{{Range: 1800, 2600}}",
			},
		"Update": "OnLocationChange"
	},
	{
		"LogName": "Add fennec foxes on the desert",
		"Action": "EditMap",
		"Target": "Maps/Desert",
		"MapTiles": [
            {
               "Position": { "X": 40, "Y": 93 },
               "Layer": "Back",
               "SetProperties": {
                  "CustomCompanions": "Spawn {{Random: 0, 1, 2, 3}} SmolHooman.WildAnimalsCC.FennecFox_WA"
               },
            },
            {
               "Position": { "X": 50, "Y": 95 },
               "Layer": "Back",
               "SetProperties": {
                  "CustomCompanions": "Spawn {{Random: 0, 1, 2}} SmolHooman.WildAnimalsCC.FennecFox_WA"
               },
            },
         ],
		"When": {
			"Load Wild Fennec Foxes": "true",
			"HasWalletItem |contains=BearsKnowledge": "true",
			"Time": "{{Range: 1800, 2600}}",
			},
		"Update": "OnLocationChange"
	},
	{
		"LogName": "Add timid meerkats on the desert",
		"Action": "EditMap",
		"Target": "Maps/Desert",
		"MapTiles": [
            {
               "Position": { "X": 13, "Y": 127 },
               "Layer": "Back",
               "SetProperties": {
                  "CustomCompanions": "Spawn 2 SmolHooman.WildAnimalsCC.Meerkat_Timid_WA"
               },
            },
            {
               "Position": { "X": 15, "Y": 135 },
               "Layer": "Back",
               "SetProperties": {
                  "CustomCompanions": "Spawn {{Random: 0, 1, 2, 3}} SmolHooman.WildAnimalsCC.Meerkat_Timid_WA"
               },
            },
         ],
		"When": {
			"Load Wild Meerkats": "true",
			"HasWalletItem |contains=SpecialCharm": "false",
			"Time": "{{Range: 0600, 1800}}",
			},
		"Update": "OnLocationChange"
	},
	{
		"LogName": "Add meerkats on the desert",
		"Action": "EditMap",
		"Target": "Maps/Desert",
		"MapTiles": [
            {
               "Position": { "X": 13, "Y": 127 },
               "Layer": "Back",
               "SetProperties": {
                  "CustomCompanions": "Spawn 2 SmolHooman.WildAnimalsCC.Meerkat_WA"
               },
            },
            {
               "Position": { "X": 15, "Y": 135 },
               "Layer": "Back",
               "SetProperties": {
                  "CustomCompanions": "Spawn {{Random: 0, 1, 2, 3}} SmolHooman.WildAnimalsCC.Meerkat_WA"
               },
            },
         ],
		"When": {
			"Load Wild Meerkats": "true",
			"HasWalletItem |contains=SpecialCharm": "true",
			"Time": "{{Range: 0600, 1800}}",
			},
		"Update": "OnLocationChange"
	},

// FOREST ANIMALS
	{
		"LogName": "Add bobcats in the forest",
		"Action": "EditMap",
		"Target": "Maps/Forest",
		"MapTiles": [
            {
               "Position": {
					"X": "{{Random: 5, 90, 28 |key=forest coordinate}}",
					"Y": "{{Random: 85, 26, 15 |key=forest coordinate}}"
            },
               "Layer": "Back",
               "SetProperties": {
                  "CustomCompanions": "Spawn {{Random: 0, 1, 2}} SmolHooman.WildAnimalsCC.Bobcat_WA"
               },
            },
         ],
		"When": {
			"Load Wild Bobcats": "true",
			"Time": "{{Range: 1800, 2600}}",
			"Weather": "Snow, Sun, Wind",
			},
		"Update": "OnLocationChange"
	},
	{
		"LogName": "Add ducks in the forest's lake",
		"Action": "EditMap",
		"Target": "Maps/Forest",
		"MapTiles": [
            {
               "Position": {
					"X": "{{Random: 42, 30, 42 |key=forest duck coordinates}}",
					"Y": "{{Random: 35, 31, 36 |key=forest duck coordinates}}"
            },
               "Layer": "Back",
               "SetProperties": {
                  "CustomCompanions": "Spawn {{Random: 0, 1, 2, 3}} SmolHooman.WildAnimalsCC.DuckDrake_WA"
               },
            },
            {
               "Position": {
					"X": "{{Random: 43, 29, 41 |key=forest duck coordinates}}",
					"Y": "{{Random: 34, 32, 25 |key=forest duck coordinates}}"
            },
               "Layer": "Back",
               "SetProperties": {
                  "CustomCompanions": "Spawn {{Random: 0, 1, 2, 3}} SmolHooman.WildAnimalsCC.Duck_WA"
               },
            },
            {
               "Position": {
					"X": "{{Random: 46, 28, 42 |key=forest duck coordinates}}",
					"Y": "{{Random: 34, 29, 27 |key=forest duck coordinates}}"
            },
               "Layer": "Back",
               "SetProperties": {
                  "CustomCompanions": "Spawn {{Random: 0, 3, 3}} SmolHooman.WildAnimalsCC.Duckling_WA"
               },
            },
         ],
		"When": {
			"Load Wild Ducks": "true",
			"HasWalletItem |contains=SpringOnionMastery": "false",
			"Season": "Spring, Summer, Fall",
			"Time": "{{Range: 0600, 1800}}",
			"Weather": "Rain, Sun, Wind",
			},
		"Update": "OnLocationChange"
	},
	{
		"LogName": "Add friendly ducks in the forest's lake",
		"Action": "EditMap",
		"Target": "Maps/Forest",
		"MapTiles": [
            {
               "Position": {
					"X": "{{Random: 42, 30, 42 |key=forest duck coordinates}}",
					"Y": "{{Random: 35, 31, 36 |key=forest duck coordinates}}"
            },
               "Layer": "Back",
               "SetProperties": {
                  "CustomCompanions": "Spawn {{Random: 0, 1, 2, 3}} SmolHooman.WildAnimalsCC.{{Random: DuckDrake_WA, DuckDrake_WA, DuckDrake_Friendly_WA}}"
               },
            },
            {
               "Position": {
					"X": "{{Random: 43, 29, 41 |key=forest duck coordinates}}",
					"Y": "{{Random: 34, 32, 25 |key=forest duck coordinates}}"
            },
               "Layer": "Back",
               "SetProperties": {
                  "CustomCompanions": "Spawn {{Random: 0, 1, 2, 3}} SmolHooman.WildAnimalsCC.{{Random: Duck_WA, Duck_WA, Duck_Friendly_WA}}"
               },
            },
            {
               "Position": {
					"X": "{{Random: 46, 28, 42 |key=forest duck coordinates}}",
					"Y": "{{Random: 34, 29, 27 |key=forest duck coordinates}}"
            },
               "Layer": "Back",
               "SetProperties": {
                  "CustomCompanions": "Spawn {{Random: 0, 3, 3}} SmolHooman.WildAnimalsCC.{{Random: Duckling_WA, Duckling_WA, Duckling_Friendly_WA}}"
               },
            },
         ],
		"When": {
			"Load Wild Ducks": "true",
			"HasWalletItem |contains=SpringOnionMastery": "true",
			"Season": "Spring, Summer, Fall",
			"Time": "{{Range: 0600, 1800}}",
			"Weather": "Rain, Sun, Wind",
			},
		"Update": "OnLocationChange"
	},
	{
		"LogName": "Add foxes in the forest",
		"Action": "EditMap",
		"Target": "Maps/Forest",
		"MapTiles": [
            {
               "Position": {
					"X": "{{Random: 78, 68, 11 |key=forest coordinates}}",
					"Y": "{{Random: 37, 25, 85 |key=forest coordinates}}"
            },
               "Layer": "Back",
               "SetProperties": {
                  "CustomCompanions": "Spawn {{Random: 0, 1, 1, 2 |key=Foxes}} SmolHooman.WildAnimalsCC.Fox_WA"
               },
            },
         ],
		"When": {
			"Load Wild Foxes": "true",
			"Weather": "Snow, Sun, Wind",
			},
		"Update": "OnLocationChange"
	},
	{
		"LogName": "Add fox kits in the forest",
		"Action": "EditMap",
		"Target": "Maps/Forest",
		"MapTiles": [
            {
               "Position": {
					"X": "{{Random: 74, 70, 13 |key=forest coordinates}}",
					"Y": "{{Random: 39, 28, 87 |key=forest coordinates}}"
            },
               "Layer": "Back",
               "SetProperties": {
                  "CustomCompanions": "Spawn {{Random: 0, 0, 2, 3 |key=Foxes}} SmolHooman.WildAnimalsCC.FoxKit_WA"
               },
            },
         ],
		"When": {
			"Load Wild Foxes": "true",
			"Season": "Summer, Fall, Winter",
			"Weather": "Snow, Sun, Wind",
			"Year |contains=1": "false",
			},
		"Update": "OnLocationChange"
	},
	{
		"LogName": "Add frogs in the forest",
		"Action": "EditMap",
		"Target": "Maps/Forest",
		"MapTiles": [
            {		
               "Position": {
					"X": "{{Random: 61, 22, 50, 87 |key=forest frogs coordinates}}",
					"Y": "{{Random: 49, 85, 80, 58 |key=forest frogs coordinates}}"
            },
               "Layer": "Back",
               "SetProperties": {
                  "CustomCompanions": "Spawn {{Random: 0, 1, 2, 3, 4, 5}} SmolHooman.WildAnimalsCC.Frog_WA"
               },
            },
         ],
		"When": {
			"Load Wild Frogs": "true",		
			"Weather": "Rain, Storm",
			},
		"Update": "OnLocationChange"
	},
	{
		"LogName": "Add hedgehogs in the forest",
		"Action": "EditMap",
		"Target": "Maps/Forest",
		"MapTiles": [
            {
               "Position": {
					"X": "{{Random: 108, 99, 16 |key=forest coordinate}}",
					"Y": "{{Random: 95, 34, 75 |key=forest coordinate}}"
            },
               "Layer": "Back",
               "SetProperties": {
                  "CustomCompanions": "Spawn {{Random: 0, 1, 2}} SmolHooman.WildAnimalsCC.Hedgehog_WA"
               },
            },
         ],
		"When": {
			"Load Wild Hedgehogs": "true",
			"Season": "Spring, Summer, Fall",
			"Time": "{{Range: 1800, 2600}}",
			"Weather": "Snow, Sun, Wind",
			"Year |contains=1": "false",
			},
		"Update": "OnLocationChange"
	},
	{
		"LogName": "Add pine martens in the forest",
		"Action": "EditMap",
		"Target": "Maps/Forest",
		"MapTiles": [
            {
               "Position": {
					"X": "{{Random: 94, 67, 70 |key=forest coordinates}}",
					"Y": "{{Random: 27, 12, 94 |key=forest coordinates}}"
            },
               "Layer": "Back",
               "SetProperties": {
                  "CustomCompanions": "Spawn {{Random: 0, 0, 1, 2}} SmolHooman.WildAnimalsCC.PineMarten_WA"
               },
            },
         ],
		"When": {
			"Load Wild Pine Martens": "true",
			"Time": "{{Range: 1800, 2600}}",
			"Weather": "Snow, Sun, Wind",
			},
		"Update": "OnLocationChange"
	},
	{
		"LogName": "Adds wild platypuses in the forest",
		"Action": "EditMap",
		"Target": "Maps/Forest",
		"MapTiles": [
            {
               "Position": { "X": 47, "Y": 78 },
               "Layer": "Back",
               "SetProperties": {
                  "CustomCompanions": "Spawn {{Random: 0, 0, 0, 1, 2}} SmolHooman.WildAnimalsCC.Platypus_WA"
               },
            },
         ],
		"When": {
			"Load Wild Platypuses": "true",
			"Weather": "Rain, Wind",
			"Season": "Spring, Summer, Fall",				
			"Time": "{{Range: 0600, 1800}}",
			"Year |contains=1": "false",
			},
		"Update": "OnLocationChange"
	},
	{
		"LogName": "Adds wild platypuses in the forest's lake",
		"Action": "EditMap",
		"Target": "Maps/Forest",
		"MapTiles": [
            {
                "Position": { "X": 46, "Y": 86 },
               "Layer": "Back",
               "SetProperties": {
                  "CustomCompanions": "Spawn {{Random: 0, 0, 0, 1, 2}} SmolHooman.WildAnimalsCC.PlatypusSwimming_WA"
               },
            },
         ],
		"When": {
			"Load Wild Platypuses": "true",
			"Weather": "Rain, Sun, Wind",
			"Season": "Spring, Summer, Fall",					
			"Time": "{{Range: 1800, 2600}}",
			"Year |contains=1": "false",
			},
		"Update": "OnLocationChange"
	},
	{
		"LogName": "Add raccoons in the forest",
		"Action": "EditMap",
		"Target": "Maps/Forest",
		"MapTiles": [
            {		
               "Position": {
					"X": "{{Random: 100, 112, 31 |key=forest coordinates}}",
					"Y": "{{Random: 89, 25, 97 |key=forest coordinates}}"
            },
               "Layer": "Back",
               "SetProperties": {
                  "CustomCompanions": "Spawn {{Random: 0, 1, 2}} SmolHooman.WildAnimalsCC.Raccoon_WA"
               },
            },
         ],
		"When": {
			"Load Wild Raccoons": "true",
			"Time": "{{Range: 0600, 1800}}",
			"Weather": "Sun, Wind",
			},
		"Update": "OnLocationChange"
	},
	{
		"LogName": "Add timid rabbits in the forest",
		"Action": "EditMap",
		"Target": "Maps/Forest",
		"MapTiles": [
            {		
               "Position": {
					"X": "{{Random: 7, 46, 21 |key=forest coordinates}}",
					"Y": "{{Random: 9, 48, 49 |key=forest coordinates}}"
            },
               "Layer": "Back",
               "SetProperties": {
                  "CustomCompanions": "Spawn {{Random: 0, 1, 2, 3}} SmolHooman.WildAnimalsCC.Rabbit_Timid_WA"
               },
            },
         ],
		"When": {
			"Load Wild Rabbits": "true",
			"HasWalletItem |contains=BearsKnowledge": "false",
			"IsJojaMartComplete": "false",
			"Time": "{{Range: 0600, 1800}}",
			"Weather": "Snow, Sun, Wind",
			},
		"Update": "OnLocationChange"
	},
	{
		"LogName": "Add rabbits in the forest",
		"Action": "EditMap",
		"Target": "Maps/Forest",
		"MapTiles": [
            {		
               "Position": {
					"X": "{{Random: 7, 46, 21 |key=forest coordinates}}",
					"Y": "{{Random: 9, 48, 49 |key=forest coordinates}}"
            },
               "Layer": "Back",
               "SetProperties": {
                  "CustomCompanions": "Spawn {{Random: 0, 1, 2, 3}} SmolHooman.WildAnimalsCC.Rabbit_WA"
               },
            },
         ],
		"When": {
			"Load Wild Rabbits": "true",
			"HasWalletItem |contains=BearsKnowledge": "true",
			"IsJojaMartComplete": "false",
			"Time": "{{Range: 0600, 1800}}",
			"Weather": "Snow, Sun, Wind",
			},
		"Update": "OnLocationChange"
	},
	{
		"LogName": "Add rats in the forest",
		"Action": "EditMap",
		"Target": "Maps/Forest",
		"MapTiles": [
            {
               "Position": {
					"X": "{{Random: 101, 107, 90 |key=forest coordinates}}",
					"Y": "{{Random: 18, 25, 17 |key=forest coordinates}}"
            },
               "Layer": "Back",
               "SetProperties": {
                  "CustomCompanions": "Spawn {{Random: 0, 0, 1, 2}} SmolHooman.WildAnimalsCC.Rat_WA"
               },
            },
         ],
		"When": {
			"Load Wild Rats": "true",
			},
		"Update": "OnLocationChange"
	},
	{
		"LogName": "Add river otters in the forest's river",
		"Action": "EditMap",
		"Target": "Maps/Forest",
		"MapTiles": [
            {
               "Position": {
					"X": "{{Random: 47, 80, 31 |key=forest river otter coordinates}}",
					"Y": "{{Random: 64, 48, 83 |key=forest river otter coordinates}}"
            },
               "Layer": "Back",
               "SetProperties": {
                  "CustomCompanions": "Spawn {{Random: 0, 0, 1, 2}} SmolHooman.WildAnimalsCC.OtterRiver_WA"
               },
            },
         ],
		"When": {
			"Load Wild Otters": "true",
			"Season": "Spring, Summer, Fall",
			"Time": "{{Range: 1800, 2600}}",
			"Weather": "Sun, Wind, Rain",
			},
		"Update": "OnLocationChange"
	},
	{
		"LogName": "Add river otters in the forest's river during winter",
		"Action": "EditMap",
		"Target": "Maps/Forest",
		"MapTiles": [
            {
               "Position": {
					"X": "{{Random: 47, 80, 31 |key=forest river otter coordinates}}",
					"Y": "{{Random: 64, 48, 83 |key=forest river otter coordinates}}"
            },
               "Layer": "Back",
               "SetProperties": {
                  "CustomCompanions": "Spawn {{Random: 0, 0, 1, 2}} SmolHooman.WildAnimalsCC.OtterRiver_WA"
               },
            },
         ],
		"When": {
			"Load Wild Otters": "true",
			"Season": "Winter",
			"Time": "{{Range: 0600, 1800}}",
			"Weather": "Sun",	
			},
		"Update": "OnLocationChange"
	},
	{
		"LogName": "Add timid skunks in the forest",
		"Action": "EditMap",
		"Target": "Maps/Forest",
		"MapTiles": [
            {		
               "Position": {
					"X": "{{Random: 107, 83, 91 |key=forest coordinates}}",
					"Y": "{{Random: 83, 74, 58 |key=forest coordinates}}"
            },
               "Layer": "Back",
               "SetProperties": {
                  "CustomCompanions": "Spawn {{Random: 0, 1, 2}} SmolHooman.WildAnimalsCC.Skunk_Timid_WA"
               },
            },
         ],
		"When": {
			"Load Wild Skunks": "true",
			"HasWalletItem |contains=SpecialCharm": "false",
			"Weather": "Sun, Wind",
			},
		"Update": "OnLocationChange"
	},
	{
		"LogName": "Add skunks in the forest",
		"Action": "EditMap",
		"Target": "Maps/Forest",
		"MapTiles": [
            {		
               "Position": {
					"X": "{{Random: 107, 83, 91 |key=forest coordinates}}",
					"Y": "{{Random: 83, 74, 58 |key=forest coordinates}}"
            },
               "Layer": "Back",
               "SetProperties": {
                  "CustomCompanions": "Spawn {{Random: 0, 1, 2}} SmolHooman.WildAnimalsCC.Skunk_WA"
               },
            },
         ],
		"When": {
			"Load Wild Skunks": "true",
			"HasWalletItem |contains=SpecialCharm": "true",
			"Weather": "Sun, Wind",
			},
		"Update": "OnLocationChange"
	},
	{
		"LogName": "Add timid squirrels in the forest",
		"Action": "EditMap",
		"Target": "Maps/Forest",
		"MapTiles": [
            {
               "Position": {
					"X": "{{Random: 65, 89, 14 |key=forest coordinate}}",
					"Y": "{{Random: 27, 67, 85 |key=forest coordinate}}"
            },
               "Layer": "Back",
               "SetProperties": {
                  "CustomCompanions": "Spawn {{Random: 0, 1, 2, 3}} SmolHooman.WildAnimalsCC.Squirrel_Timid_WA"
               },
            },
         ],
		"When": {
			"Load Wild Squirrels + Chipmunks": "true",
			"Season": "Spring, Summer, Fall",
			"Weather": "Sun, Wind",
			"Year": "1",
			},
		"Update": "OnLocationChange"
	},
	{
		"LogName": "Add timid squirrels and chipmunks in the forest",
		"Action": "EditMap",
		"Target": "Maps/Forest",
		"MapTiles": [
            {
               "Position": {
					"X": "{{Random: 65, 89, 14 |key=forest coordinate}}",
					"Y": "{{Random: 27, 67, 85 |key=forest coordinate}}"
            },
               "Layer": "Back",
               "SetProperties": {
                  "CustomCompanions": "Spawn {{Random: 0, 1, 2, 3}} SmolHooman.WildAnimalsCC.{{Random: Squirrel_Timid_WA, Squirrel_Timid_WA, Chipmunk_Timid_WA}}"
               },
            },
         ],
		"When": {
			"Load Wild Squirrels + Chipmunks": "true",
			"Season": "Spring, Summer, Fall",
			"Weather": "Sun, Wind",
			"Year |contains=1": "false",
			},
		"Update": "OnLocationChange"
	},
	{
		"LogName": "Add swans in the forest's lake",
		"Action": "EditMap",
		"Target": "Maps/Forest",
		"MapTiles": [
            {
               "Position": {
					"X": "{{Random: 105, 73, 34 |key=forest swan coordinates}}",
					"Y": "{{Random: 43, 55, 70 |key=forest swan coordinates}}"
            },
               "Layer": "Back",
               "SetProperties": {
                  "CustomCompanions": "Spawn {{Random: 0, 1, 2, 3}} SmolHooman.WildAnimalsCC.Swan_WA"
               },
            },
            {
               "Position": {
					"X": "{{Random: 105, 73, 35 |key=forest swan coordinates}}",
					"Y": "{{Random: 44, 54, 72 |key=forest swan coordinates}}"
            },
               "Layer": "Back",
               "SetProperties": {
                  "CustomCompanions": "Spawn {{Random: 0, 1, 2}} SmolHooman.WildAnimalsCC.Swan_WA"
               },
            },
            {
               "Position": {
					"X": "{{Random: 107, 70, 36 |key=forest swan coordinates}}",
					"Y": "{{Random: 42, 56, 68 |key=forest swan coordinates}}"
            },
               "Layer": "Back",
               "SetProperties": {
                  "CustomCompanions": "Spawn {{Random: 0, 3}} SmolHooman.WildAnimalsCC.SwanCygnet_WA"
               },
            },
         ],
		"When": {
			"Load Wild Swans": "true",
			"Season": "Spring, Summer, Fall",
			"Time": "{{Range: 0600, 1800}}",
			"Weather": "Rain, Sun, Wind",
			},
		"Update": "OnLocationChange"
	},
	{
		"LogName": "Add timid tortoises in the forest",
		"Action": "EditMap",
		"Target": "Maps/Forest",
		"MapTiles": [
            {
               "Position": {
					"X": "{{Random: 90, 78, 104 |key=forest coordinate}}",
					"Y": "{{Random: 77, 78, 87 |key=forest coordinate}}"
            },
               "Layer": "Back",
               "SetProperties": {
                  "CustomCompanions": "Spawn {{Random: 0, 1, 2}} SmolHooman.WildAnimalsCC.Tortoise_Timid_WA"
               },
            },
         ],
		"When": {
			"Load Wild Tortoises": "true",
			"HasWalletItem |contains=BearsKnowledge": "false",
			"Weather": "Sun, Wind, Rain",
			"Season": "Spring, Summer, Fall",
			},
		"Update": "OnLocationChange"
	},
	{
		"LogName": "Add tortoises in the forest",
		"Action": "EditMap",
		"Target": "Maps/Forest",
		"MapTiles": [
            {
               "Position": {
					"X": "{{Random: 90, 78, 104 |key=forest coordinate}}",
					"Y": "{{Random: 77, 78, 87 |key=forest coordinate}}"
            },
               "Layer": "Back",
               "SetProperties": {
                  "CustomCompanions": "Spawn {{Random: 0, 1, 2}} SmolHooman.WildAnimalsCC.Tortoise_WA"
               },
            },
         ],
		"When": {
			"Load Wild Tortoises": "true",
			"HasWalletItem |contains=BearsKnowledge": "true",
			"Weather": "Sun, Wind, Rain",
			"Season": "Spring, Summer, Fall",
			},
		"Update": "OnLocationChange"
	},

// MOUNTAIN ANIMALS
	{
		"LogName": "Adds a chinchilla on the mountains",
		"Action": "EditMap",
		"Target": "Maps/Mountain",
		"MapTiles": [
            {
               "Position": { "X": 25, "Y": 8 },
               "Layer": "Back",
               "SetProperties": {
                  "CustomCompanions": "Spawn {{Random: 0, 1}} SmolHooman.WildAnimalsCC.Chinchilla_WA"
               },
            },
         ],
		"When": {
			"Load Wild Chinchilla": "true",		
			"Weather": "Sun, Wind",
			},
		"Update": "OnLocationChange"
	},
	{
		"LogName": "Adds a chinchilla in Linus' tent",
		"Action": "EditMap",
		"Target": "Maps/Tent",
		"MapTiles": [
            {
               "Position": { "X": 3, "Y": 3 },
               "Layer": "Back",
               "SetProperties": {
                  "CustomCompanions": "Spawn 1 SmolHooman.WildAnimalsCC.Chinchilla_WA"
               },
            },
         ],
		"When": {
			"Load Wild Chinchilla": "true",		
			"Weather": "Rain, Storm, Snow",
			},
		"Update": "OnLocationChange"
	},
	{
		"LogName": "Add ducks in the mountain's lake",
		"Action": "EditMap",
		"Target": "Maps/Mountain",
		"MapTiles": [
            {
               "Position": {
					"X": "{{Random: 49, 73 |key=mountain duck coordinates}}",
					"Y": "{{Random: 17, 27 |key=mountain duck coordinates}}"
            },
               "Layer": "Back",
               "SetProperties": {
                  "CustomCompanions": "Spawn {{Random: 0, 1, 2, 3}} SmolHooman.WildAnimalsCC.DuckDrake_WA"
               },
            },
            {
               "Position": {
					"X": "{{Random: 52, 68 |key=mountain duck coordinates}}",
					"Y": "{{Random: 25, 30 |key=mountain duck coordinates}}"
            },
               "Layer": "Back",
               "SetProperties": {
                  "CustomCompanions": "Spawn {{Random: 0, 1, 2, 3}} SmolHooman.WildAnimalsCC.Duck_WA"
               },
            },
            {
               "Position": {
					"X": "{{Random: 51, 70 |key=mountain duck coordinates}}",
					"Y": "{{Random: 22, 31 |key=mountain duck coordinates}}"
            },
               "Layer": "Back",
               "SetProperties": {
                  "CustomCompanions": "Spawn {{Random: 0, 3, 3}} SmolHooman.WildAnimalsCC.Duckling_WA"
               },
            },
         ],
		"When": {
			"Load Wild Ducks": "true",
			"HasWalletItem |contains=SpringOnionMastery": "false",
			"IsJojaMartComplete": "false",
			"Season": "Spring, Summer, Fall",
			"Time": "{{Range: 0600, 1800}}",
			"Weather": "Rain, Sun, Wind",
			},
		"Update": "OnLocationChange"
	},
	{
		"LogName": "Add friendly ducks in the mountain's lake",
		"Action": "EditMap",
		"Target": "Maps/Mountain",
		"MapTiles": [
            {
               "Position": {
					"X": "{{Random: 49, 73 |key=mountain duck coordinates}}",
					"Y": "{{Random: 17, 27 |key=mountain duck coordinates}}"
            },
               "Layer": "Back",
               "SetProperties": {
                  "CustomCompanions": "Spawn {{Random: 0, 1, 2, 3}} SmolHooman.WildAnimalsCC.{{Random: DuckDrake_WA, DuckDrake_WA, DuckDrake_Friendly_WA}}"
               },
            },
            {
               "Position": {
					"X": "{{Random: 52, 68 |key=mountain duck coordinates}}",
					"Y": "{{Random: 25, 30 |key=mountain duck coordinates}}"
            },
               "Layer": "Back",
               "SetProperties": {
                  "CustomCompanions": "Spawn {{Random: 0, 1, 2, 3}} SmolHooman.WildAnimalsCC.{{Random: Duck_WA, Duck_WA, Duck_Friendly_WA}}"
               },
            },
            {
               "Position": {
					"X": "{{Random: 51, 70 |key=mountain duck coordinates}}",
					"Y": "{{Random: 22, 31 |key=mountain duck coordinates}}"
            },
               "Layer": "Back",
               "SetProperties": {
                  "CustomCompanions": "Spawn {{Random: 0, 3, 3}} SmolHooman.WildAnimalsCC.{{Random: Duckling_WA, Duckling_WA, Duckling_Friendly_WA}}"
               },
            },
         ],
		"When": {
			"Load Wild Ducks": "true",
			"HasWalletItem |contains=SpringOnionMastery": "true",
			"IsJojaMartComplete": "false",
			"Season": "Spring, Summer, Fall",
			"Time": "{{Range: 0600, 1800}}",
			"Weather": "Rain, Sun, Wind",
			},
		"Update": "OnLocationChange"
	},
	{
		"LogName": "Add frogs on the mountain",
		"Action": "EditMap",
		"Target": "Maps/Mountain",
		"MapTiles": [
            {
               "Position": {
					"X": "{{Random: 56, 65, 83 |key=mountain frog coordinate}}",
					"Y": "{{Random: 32, 12, 21 |key=mountain frog coordinate}}"
            },
               "Layer": "Back",
               "SetProperties": {
                  "CustomCompanions": "Spawn {{Random: 0, 1, 2, 3}} SmolHooman.WildAnimalsCC.Frog_WA"
               },
            },
         ],
		"When": {
			"Load Wild Frogs": "true",		
			"Weather": "Rain, Storm",
			},
		"Update": "OnLocationChange"
	},
	{
		"LogName": "Add frogs in Sebastian's room",
		"Action": "EditMap",
		"Target": "Maps/SebastianRoom",
		"MapTiles": [
            {		
               "Position": { "X": 5, "Y": 6 },
               "Layer": "Back",
               "SetProperties": {
                  "CustomCompanions": "Spawn {{Random: 0, 0, 0, 1, 2}} SmolHooman.WildAnimalsCC.Frog_WA"
               },
            },
         ],
		"When": {
			"Load Wild Frogs": "true",
			"Season": "Summer",
			"Weather": "Wind",
			},
		"Update": "OnLocationChange"
	},
	{
		"LogName": "Add owls on the mountain",
		"Action": "EditMap",
		"Target": "Maps/Mountain",
		"MapTiles": [
            {
               "Position": {
					"X": "{{Random: 9, 11 |key=mountain owls coordinate}}",
					"Y": "{{Random: 28, 7 |key=mountain owls coordinate}}"
            },
               "Layer": "Back",
               "SetProperties": {
                  "CustomCompanions": "Spawn {{Random: 0, 0, 1, 2}} SmolHooman.WildAnimalsCC.Owl_WA"
               },
            },
         ],
		"When": {
			"Load Wild Owls": "true",
			"Time": "{{Range: 1800, 2600}}",
			"Weather": "Snow, Sun, Wind",
			},
		"Update": "OnLocationChange"
	},
	{
		"LogName": "Add timid squirrels on the mountain",
		"Action": "EditMap",
		"Target": "Maps/Mountain",
		"MapTiles": [
            {
               "Position": {
					"X": "{{Random: 37, 86, 18 |key=mountain squirrels coordinate}}",
					"Y": "{{Random: 23, 22, 30 |key=mountain squirrels coordinate}}"
            },
               "Layer": "Back",
               "SetProperties": {
                  "CustomCompanions": "Spawn {{Random: 0, 1, 2, 3}} SmolHooman.WildAnimalsCC.Squirrel_Timid_WA"
               },
            },
         ],
		"When": {
			"Load Wild Squirrels + Chipmunks": "true",
			"Season": "Spring, Summer, Fall",
			"Weather": "Sun, Wind",
			"Year": "1",
			},
		"Update": "OnLocationChange"
	},
	{
		"LogName": "Add timid squirrels and chipmunks on the mountain",
		"Action": "EditMap",
		"Target": "Maps/Mountain",
		"MapTiles": [
            {
               "Position": {
					"X": "{{Random: 37, 86, 18 |key=mountain squirrels coordinate}}",
					"Y": "{{Random: 23, 22, 30 |key=mountain squirrels coordinate}}"
            },
               "Layer": "Back",
               "SetProperties": {
                  "CustomCompanions": "Spawn {{Random: 0, 1, 2, 3}} SmolHooman.WildAnimalsCC.{{Random: Squirrel_Timid_WA, Squirrel_Timid_WA, Chipmunk_Timid_WA}}"
               },
            },
         ],
		"When": {
			"Load Wild Squirrels + Chipmunks": "true",
			"Season": "Spring, Summer, Fall",
			"Weather": "Sun, Wind",
			"Year |contains=1": "false",
			},
		"Update": "OnLocationChange"
	},
	{
		"LogName": "Add timid weasels on the mountain",
		"Action": "EditMap",
		"Target": "Maps/Mountain",
		"MapTiles": [
            {
               "Position": { "X": 79, "Y": 12 },
               "Layer": "Back",
               "SetProperties": {
                  "CustomCompanions": "Spawn {{Random: 0, 0, 1, 2}} SmolHooman.WildAnimalsCC.Weasel_Timid_WA"
               },
            },
         ],
		"When": {
			"Load Wild Weasels": "true",
			"HasWalletItem |contains=BearsKnowledge": "false",
			"Time": "{{Range: 1800, 2600}}",
			"Weather": "Snow, Sun, Wind",	
			},
		"Update": "OnLocationChange"
	},
	{
		"LogName": "Add weasels on the mountain",
		"Action": "EditMap",
		"Target": "Maps/Mountain",
		"MapTiles": [
            {
               "Position": { "X": 79, "Y": 12 },
               "Layer": "Back",
               "SetProperties": {
                  "CustomCompanions": "Spawn {{Random: 0, 0, 1, 2}} SmolHooman.WildAnimalsCC.Weasel_WA"
               },
            },
         ],
		"When": {
			"Load Wild Weasels": "true",
			"HasWalletItem |contains=BearsKnowledge": "true",
			"Time": "{{Range: 1800, 2600}}",
			"Weather": "Snow, Sun, Wind",	
			},
		"Update": "OnLocationChange"
	},

// TOWN ANIMALS
	{
		"LogName": "Add a chipmunk in the Vincent's room",
		"Action": "EditMap",
		"Target": "Maps/SamHouse",
		"MapTiles": [
            {
               "Position": { "X": 11, "Y": 22 },
               "Layer": "Back",
               "SetProperties": {
                  "CustomCompanions": "Spawn {{Random: 0, 0, 0, 1}} SmolHooman.WildAnimalsCC.Chipmunk_WA"
               },
            },
         ],
		"When": {
			"Load Wild Squirrels + Chipmunks": "true",		
			"Weather": "Storm",
			"Season": "Spring, Summer, Fall",
			"Year |contains=1": "false",
			},
		"Update": "OnLocationChange"
	},
	{
		"LogName": "Add crow in the town",
		"Action": "EditMap",
		"Target": "Maps/Town",
		"MapTiles": [
            {
               "Position": { "X": 47, "Y": 89 },
               "Layer": "Back",
               "SetProperties": {
                  "CustomCompanions": "Spawn {{Random: 0, 1, 2}} SmolHooman.WildAnimalsCC.Crow_WA"
               },
            },
         ],
		"When": {
			"Load Wild Crows": "true",
			"Time": "{{Range: 1800, 2600}}",
			"Weather": "Snow, Sun, Wind",
			},
		"Update": "OnLocationChange"
	},
	{
		"LogName": "Add frogs in the town",
		"Action": "EditMap",
		"Target": "Maps/Town",
		"MapTiles": [
            {		
               "Position": {
					"X": "{{Random: 31, 69, 85 |key=town frogs coordinate}}",
					"Y": "{{Random: 103, 87, 77 |key=town frogs coordinate}}"
            },
               "Layer": "Back",
               "SetProperties": {
                  "CustomCompanions": "Spawn {{Random: 0, 1, 2, 3}} SmolHooman.WildAnimalsCC.Frog_WA"
               },
            },
         ],
		"When": {
			"Load Wild Frogs": "true",
			"Weather": "Rain, Storm",
			},
		"Update": "OnLocationChange"
	},
	{
		"LogName": "Add geese in the town's river",
		"Action": "EditMap",
		"Target": "Maps/Town",
		"MapTiles": [
            {
               "Position": {
					"X": "{{Random: 74, 73, 71 |key=town geese coordinates}}",
					"Y": "{{Random: 59, 84, 42 |key=town geese coordinates}}"
            },
               "Layer": "Back",
               "SetProperties": {
                  "CustomCompanions": "Spawn {{Random: 0, 1, 2, 3}} SmolHooman.WildAnimalsCC.{{Random: Goose_WA, Goose_WA, Goose_Mean_WA}}"
               },
            },
         ],
		"When": {
			"Load Wild Geese": "true",
			"IsJojaMartComplete": "false",
			"Season": "Spring, Summer, Fall",
			"Time": "{{Range: 0600, 1800}}",
			"Weather": "Rain, Sun, Wind",
			},
		"Update": "OnLocationChange"
	},
	{
		"LogName": "Add timid opossums in the town",
		"Action": "EditMap",
		"Target": "Maps/Town",
		"MapTiles": [
            {
               "Position": { "X": 44, "Y": 28 },
               "Layer": "Back",
               "SetProperties": {
                  "CustomCompanions": "Spawn {{Random: 0, 1, 2}} SmolHooman.WildAnimalsCC.{{Random: Opossum_Timid_WA, Opossum_Timid_WA, Opossum_Timid_WA, OpossumJoeys_WA}}"
               },
            },
         ],
		"When": {
			"Load Wild Opossums": "true",
			"HasWalletItem |contains=BearsKnowledge": "false",
			"IsJojaMartComplete": "true",
			"Season": "Spring, Summer, Fall",
			"Time": "{{Range: 1800, 2600}}",
			"Weather": "Sun, Wind",
			},
		"Update": "OnLocationChange"
	},
	{
		"LogName": "Add opossums in the town",
		"Action": "EditMap",
		"Target": "Maps/Town",
		"MapTiles": [
            {
               "Position": { "X": 44, "Y": 28 },
               "Layer": "Back",
               "SetProperties": {
                  "CustomCompanions": "Spawn {{Random: 0, 1, 2}} SmolHooman.WildAnimalsCC.{{Random: Opossum_WA, Opossum_WA, OpossumJoeys_WA, OpossumJoeys_WA}}"
               },
            },
         ],
		"When": {
			"Load Wild Opossums": "true",
			"HasWalletItem |contains=BearsKnowledge": "true",
			"IsJojaMartComplete": "true",
			"Season": "Spring, Summer, Fall",
			"Time": "{{Range: 1800, 2600}}",
			"Weather": "Sun, Wind",
			},
		"Update": "OnLocationChange"
	},
	{
		"LogName": "Add pelicans and seagulls in the town's river",
		"Action": "EditMap",
		"Target": "Maps/Town",
		"MapTiles": [
            {
               "Position": {
					"X": "{{Random: 63, 41 |key=town pelicans coordinates}}",
					"Y": "{{Random: 103, 106 |key=town pelicans coordinates}}"
            },
               "Layer": "Back",
               "SetProperties": {
                  "CustomCompanions": "Spawn {{Random: 0, 1, 2, 3}} SmolHooman.WildAnimalsCC.{{Random: PelicanSwimming_WA, PelicanSwimming_WA, SeagullSwimming_WA, SeagullSwimming_WA, SeagullSwimming_WA, PelicanPouchSwimming_WA}}"
               },
            },
         ],
		"When": {
			"Load Wild Pelicans + Seagulls": "true",
			"IsJojaMartComplete": "false",
			"Season": "Spring, Summer, Fall",
			"Time": "{{Range: 0600, 1800}}",
			"Weather": "Rain, Sun, Wind",
			},
		"Update": "OnLocationChange"
	},
	{
		"LogName": "Add raccoons in the town",
		"Action": "EditMap",
		"Target": "Maps/Town",
		"MapTiles": [
            {		
               "Position": {
					"X": "{{Random: 61, 10 |key=town raccoons coordinates}}",
					"Y": "{{Random: 69, 92 |key=town raccoons coordinates}}"
            },
               "Layer": "Back",
               "SetProperties": {
                  "CustomCompanions": "Spawn {{Random: 0, 0, 1, 2}} SmolHooman.WildAnimalsCC.Raccoon_WA"
               },
            },
         ],
		"When": {
			"Load Wild Raccoons": "true",
			"Time": "{{Range: 1800, 2600}}",
			"Weather": "Sun, Wind",
			},
		"Update": "OnLocationChange"
	},
	{
		"LogName": "Add raccoons in the town (2)",
		"Action": "EditMap",
		"Target": "Maps/Town",
		"MapTiles": [
            {		
               "Position": {
					"X": "{{Random: 99, 63 |key=town raccoons coordinates}}",
					"Y": "{{Random: 60, 27 |key=town raccoons coordinates}}"
            },
               "Layer": "Back",
               "SetProperties": {
                  "CustomCompanions": "Spawn {{Random: 0, 1, 2}} SmolHooman.WildAnimalsCC.Raccoon_WA"
               },
            },
         ],
		"When": {
			"Load Wild Raccoons": "true",
			"IsJojaMartComplete": "true",
			"Time": "{{Range: 1800, 2600}}",
			"Weather": "Sun, Wind",
			},
		"Update": "OnLocationChange"
	},
	{
		"LogName": "Add rats in the town",
		"Action": "EditMap",
		"Target": "Maps/Town",
		"MapTiles": [
            {		
               "Position": {
					"X": "{{Random: 105, 92, 108 |key=town rats coordinates}}",
					"Y": "{{Random: 54, 38, 81 |key=town rats coordinates}}"
            },
               "Layer": "Back",
               "SetProperties": {
                  "CustomCompanions": "Spawn {{Random: 0, 1, 2, 3}} SmolHooman.WildAnimalsCC.Rat_WA"
               },
            },
         ],
		"When": {
			"Load Wild Rats": "true",
			"IsJojaMartComplete": "false",
			"Time": "{{Range: 1800, 2600}}",
			"Weather": "Sun, Wind",
			},
		"Update": "OnLocationChange"
	},
	{
		"LogName": "Add more rats in the town",
		"Action": "EditMap",
		"Target": "Maps/Town",
		"MapTiles": [
            {		
               "Position": {
					"X": "{{Random: 105, 92, 108 |key=town rats coordinates}}",
					"Y": "{{Random: 54, 38, 81 |key=town rats coordinates}}"
            },
               "Layer": "Back",
               "SetProperties": {
                  "CustomCompanions": "Spawn {{Random: 0, 1, 2, 3}} SmolHooman.WildAnimalsCC.{{Random: Rat_WA, Rat_WA}}"
               },
            },
         ],
		"When": {
			"Load Wild Rats": "true",
			"IsJojaMartComplete": "true",
			"Time": "{{Range: 1800, 2600}}",
			"Weather": "Sun, Wind",
			},
		"Update": "OnLocationChange"
	},
	{
		"LogName": "Add more rats in the town (2)",
		"Action": "EditMap",
		"Target": "Maps/Town",
		"MapTiles": [
            {		
               "Position": {
					"X": "{{Random: 49, 64, 60 |key=town rats2 coordinates}}",
					"Y": "{{Random: 23, 22, 11 |key=town rats2 coordinates}}"
            },
               "Layer": "Back",
               "SetProperties": {
                  "CustomCompanions": "Spawn {{Random: 0, 1, 2, 3}} SmolHooman.WildAnimalsCC.{{Random: Rat_WA, Rat_WA}}"
               },
            },
         ],
		"When": {
			"Load Wild Rats": "true",
			"IsJojaMartComplete": "true",
			"Time": "{{Range: 1800, 2600}}",
			"Weather": "Sun, Wind",
			},
		"Update": "OnLocationChange"
	},
	{
		"LogName": "Add timid squirrels in the town",
		"Action": "EditMap",
		"Target": "Maps/Town",
		"MapTiles": [
            {
               "Position": {
					"X": "{{Random: 30, 8, 74 |key=town squirrels coordinate}}",
					"Y": "{{Random: 16, 21, 22 |key=town squirrels coordinate}}"
            },
               "Layer": "Back",
               "SetProperties": {
                  "CustomCompanions": "Spawn {{Random: 0, 1, 2, 3}} SmolHooman.WildAnimalsCC.Squirrel_Timid_WA"
               },
            },
            {
               "Position": { "X": 102, "Y": 93 },
               "Layer": "Back",
               "SetProperties": {
                  "CustomCompanions": "Spawn {{Random: 0, 1, 2}} SmolHooman.WildAnimalsCC.Squirrel_Timid_WA"
               },
            },
         ],
		"When": {
			"Load Wild Squirrels + Chipmunks": "true",
			"Season": "Spring, Summer, Fall",
			"Weather": "Sun, Wind",
			"Year": "1",
			},
		"Update": "OnLocationChange"
	},
	{
		"LogName": "Add timid squirrels and chipmunks in the town",
		"Action": "EditMap",
		"Target": "Maps/Town",
		"MapTiles": [
            {
               "Position": {
					"X": "{{Random: 30, 8, 74 |key=town squirrels coordinate}}",
					"Y": "{{Random: 16, 21, 22 |key=town squirrels coordinate}}"
            },
               "Layer": "Back",
               "SetProperties": {
                  "CustomCompanions": "Spawn {{Random: 0, 1, 2, 3}} SmolHooman.WildAnimalsCC.{{Random: Squirrel_WA, Squirrel_WA, Chipmunk_WA}}"
               },
            },
            {
               "Position": { "X": 102, "Y": 93 },
               "Layer": "Back",
               "SetProperties": {
                  "CustomCompanions": "Spawn {{Random: 0, 1, 2}} SmolHooman.WildAnimalsCC.{{Random: Squirrel_WA, Squirrel_WA, Chipmunk_WA}}"
               },
            },
         ],
		"When": {
			"Load Wild Squirrels + Chipmunks": "true",
			"Season": "Spring, Summer, Fall",
			"Weather": "Sun, Wind",
			"Year |contains=1": "false",
			},
		"Update": "OnLocationChange"
	},

// WOODS ANIMALS
	{
		"LogName": "Add bears in the woods",
		"Action": "EditMap",
		"Target": "Maps/Woods",
		"MapTiles": [
            {
               "Position": { "X": 69, "Y": 28 },
               "Layer": "Back",
               "SetProperties": {
                  "CustomCompanions": "Spawn {{Random: 0, 0, 1}} SmolHooman.WildAnimalsCC.Bear_WA"
               },
            },
         ],
		"When": {
			"Load Wild Bears": "true",
			"HasWalletItem |contains=BearsKnowledge": "false",
			"Weather": "Sun, Wind",			
			"Season": "Spring, Summer, Fall",
			},
		"Update": "OnLocationChange"
	},
	{
		"LogName": "Add bears in the woods (2)",
		"Action": "EditMap",
		"Target": "Maps/Woods",
		"MapTiles": [
            {
               "Position": { "X": 69, "Y": 28 },
               "Layer": "Back",
               "SetProperties": {
                  "CustomCompanions": "Spawn {{Random: 0, 1, 1, 1 |key=Bears}} SmolHooman.WildAnimalsCC.Bear_WA"
               },
            },
            {
               "Position": { "X": 68, "Y": 25 },
               "Layer": "Back",
               "SetProperties": {
                  "CustomCompanions": "Spawn {{Random: 0, 0, 1, 2 |key=Bears}} SmolHooman.WildAnimalsCC.BearCub_WA"
               },
            },
         ],
		"When": {
			"Load Wild Bears": "true",
			"HasWalletItem |contains=BearsKnowledge": "true",
			"Weather": "Sun, Wind",			
			"Season": "Spring, Summer, Fall",
			},
		"Update": "OnLocationChange"
	},
	{
		"LogName": "Add beavers in the Woods",
		"Action": "EditMap",
		"Target": "Maps/Woods",
		"MapTiles": [
            {
               "Position": { "X": 40, "Y": 57 },
               "Layer": "Back",
               "SetProperties": {
                  "CustomCompanions": "Spawn {{Random: 0, 0, 0, 1, 2, 3}} SmolHooman.WildAnimalsCC.Beaver_WA"
               },
            },
         ],
		"When": {
			"Load Wild Beavers": "true",
			"Weather": "Rain, Sun, Wind",
			"Season": "Spring, Summer, Fall",
			},
		"Update": "OnLocationChange"
	},
	]
}