{
	"Name": "OpossumJoeys_WA",
	"Type": "Walking",
	"EnableSpawnAtDayStart": false,
	"EnableCharacterCollision": false,
	"EnableFarmerCollision": false,
	"TravelSpeed": 2,
	"MaxIdleDistance": -1,
	"MaxDistanceBeforeTeleport": -1,
	"IdleBehavior": "Wander",
	"FrameSizeWidth": 32,
	"FrameSizeHeight": 32,

	// This plays when the companion travels upwards
	"UpAnimation": {
		"StartingFrame": 8,
		"NumberOfFrames": 4,
		"Duration": 100,
    "IdleAnimation": {
		"ManualFrames": [
		{
        "Frame": 8,
        "Duration": 1000,
		},
		{
        "Frame": 28,
        "Duration": 150,
		},
		{
        "Frame": 8,
        "Duration": 150,
		},
		{
        "Frame": 29,
        "Duration": 150,
		},
		{
        "Frame": 8,
        "Duration": 150,
		},
		{
        "Frame": 28,
        "Duration": 150,
		},
		{
        "Frame": 8,
        "Duration": 150,
		},
		{
        "Frame": 29,
        "Duration": 150,
		},

    ],
    }
  },
	// This plays when the companion travels downwards
	"DownAnimation": {
		"StartingFrame": 0,
		"NumberOfFrames": 4,
		"Duration": 100,
    "IdleAnimation": {
		"ManualFrames": [
		{
        "Frame": 0,
        "Duration": 1000,
		},
		{
        "Frame": 12,
        "Duration": 150,
		},
		{
        "Frame": 13,
        "Duration": 150,
		},
		{
        "Frame": 12,
        "Duration": 150,
		},
		{
        "Frame": 14,
        "Duration": 150,
		},
		{
        "Frame": 12,
        "Duration": 150,
		},
		{
        "Frame": 13,
        "Duration": 150,
		},
		{
        "Frame": 12,
        "Duration": 150,
		},
		{
        "Frame": 14,
        "Duration": 150,
		},
		{
        "Frame": 12,
        "Duration": 150,
		},
		{
        "Frame": 13,
        "Duration": 150,
		},
		{
        "Frame": 12,
        "Duration": 150,
		},
		{
        "Frame": 14,
        "Duration": 150,
		},
		{
        "Frame": 12,
        "Duration": 150,
		},
    ],
    }
  },
	// This plays when the companion travels left
	"LeftAnimation": {
		"StartingFrame": 20,
		"NumberOfFrames": 4,
		"Duration": 100,
    "IdleAnimation": {
		"ManualFrames": [
		{
        "Frame": 20,
        "Duration": 1000,
		},
		{
        "Frame": 24,
        "Duration": 150,
		},
		{
        "Frame": 25,
        "Duration": 150,
		},
		{
        "Frame": 26,
        "Duration": 150,
		},
		{
        "Frame": 27,
        "Duration": 150,
		},
		{
        "Frame": 26,
        "Duration": 150,
		},
		{
        "Frame": 27,
        "Duration": 150,
		},
		{
        "Frame": 26,
        "Duration": 150,
		},
		{
        "Frame": 27,
        "Duration": 150,
		},
		{
        "Frame": 26,
        "Duration": 150,
		},
		{
        "Frame": 27,
        "Duration": 150,
		},
		{
        "Frame": 26,
        "Duration": 150,
		},
		{
        "Frame": 25,
        "Duration": 150,
		},
		{
        "Frame": 24,
        "Duration": 150,
		},
    ],
    }
  },
	// This plays when the companion travels right
	"RightAnimation": {
		"StartingFrame": 4,
		"NumberOfFrames": 4,
		"Duration": 100,
    "IdleAnimation": {
		"ManualFrames": [
		{
        "Frame": 4,
        "Duration": 1000,
		},
		{
        "Frame": 16,
        "Duration": 150,
		},
		{
        "Frame": 17,
        "Duration": 150,
		},
		{
        "Frame": 18,
        "Duration": 150,
		},
		{
        "Frame": 19,
        "Duration": 150,
		},
		{
        "Frame": 18,
        "Duration": 150,
		},
		{
        "Frame": 19,
        "Duration": 150,
		},
		{
        "Frame": 18,
        "Duration": 150,
		},
		{
        "Frame": 19,
        "Duration": 150,
		},
		{
        "Frame": 18,
        "Duration": 150,
		},
		{
        "Frame": 19,
        "Duration": 150,
		},
		{
        "Frame": 18,
        "Duration": 150,
		},
		{
        "Frame": 17,
        "Duration": 150,
		},
		{
        "Frame": 16,
        "Duration": 150,
		},
    ],
    }
  },
}