{
	"Format": "2.0.0",
	"ConfigSchema": {
        "ReplaceSquirrel": {
            "AllowValues": "true, false",
            "Default": "true"
        },
        "ReplaceWhiteRabbit": {
            "AllowValues": "true, false",
            "Default": "true"
        },
		"ReplaceGreyRabbit": {
            "AllowValues": "true, false",
            "Default": "true"
        },
		"ReplaceOwl": {
            "AllowValues": "true, false",
            "Default": "true"
        },
		"ReplaceCrow": {
            "AllowValues": "true, false",
            "Default": "true"
        },
		"ReplaceGreenFrog": {
            "AllowValues": "true, false",
            "Default": "true"
        },
		"ReplaceYellowFrog": {
            "AllowValues": "true, false",
            "Default": "true"
        },
		"ReplaceWoodpecker": {
            "AllowValues": "true, false",
            "Default": "true"
        },
		"ReplaceSparrow": {
            "AllowValues": "true, false",
            "Default": "true"
        },
		"ReplaceBluebird": {
            "AllowValues": "true, false",
            "Default": "true"
        },
		"ReplaceSeagull": {
            "AllowValues": "true, false",
            "Default": "true"
        }
    },
	"Changes": [
		{
			 "Action": "EditImage",
			 "Target": "TileSheets/critters",
			 "FromFile": "assets/critters.png",
			 "FromArea": { "X": 0, "Y": 0, "Width": 320, "Height": 32 },
			 "ToArea": { "X": 0, "Y": 0, "Width": 320, "Height": 32 },
			 "When": {
				"ReplaceSeagull": "true"
			}
        },
		{
			 "Action": "EditImage",
			 "Target": "TileSheets/critters",
			 "FromFile": "assets/critters.png",
			 "FromArea": { "X": 0, "Y": 32, "Width": 128, "Height": 32 },
			 "ToArea": { "X": 0, "Y": 32, "Width": 128, "Height": 32 },
			 "When": {
				"ReplaceSeagull": "true"
			}
        },
		{
         "Action": "EditImage",
         "Target": "TileSheets/critters",
         "FromFile": "assets/critters.png",
         "FromArea": { "X": 0, "Y": 192, "Width": 256, "Height": 32 },
         "ToArea": { "X": 0, "Y": 192, "Width": 256, "Height": 32 },
		 "When": {
				"ReplaceSquirrel": "true"
			}
        },
		{
         "Action": "EditImage",
         "Target": "TileSheets/critters",
         "FromFile": "assets/critters.png",
         "FromArea": { "X": 288, "Y": 192, "Width": 32, "Height": 32 },
		 "ToArea": { "X": 288, "Y": 192, "Width": 32, "Height": 32 },
		 "When": {
				"ReplaceWhiteRabbit": "true"
			}
        },
		{
         "Action": "EditImage",
         "Target": "TileSheets/critters",
         "FromFile": "assets/critters.png",
         "FromArea": { "X": 128, "Y": 224, "Width": 192, "Height": 32 },
         "ToArea": { "X": 128, "Y": 224, "Width": 192, "Height": 32 },
		 "When": {
				"ReplaceWhiteRabbit": "true"
			}
        },
		{
         "Action": "EditImage",
         "Target": "TileSheets/critters",
         "FromFile": "assets/critters.png",
         "FromArea": { "X": 128, "Y": 160, "Width": 192, "Height": 32 },
         "ToArea": { "X": 128, "Y": 160, "Width": 192, "Height": 32 },
		 "When": {
				"ReplaceGreyRabbit": "true"
			}
        },
		{
         "Action": "EditImage",
         "Target": "TileSheets/critters",
         "FromFile": "assets/critters.png",
         "FromArea": { "X": 256, "Y": 192, "Width": 32, "Height": 32 },
         "ToArea": { "X": 256, "Y": 192, "Width": 32, "Height": 32 },
		 "When": {
				"ReplaceGreyRabbit": "true"
			}
        },
		{
         "Action": "EditImage",
         "Target": "TileSheets/critters",
         "FromFile": "assets/critters.png",
         "FromArea": { "X": 96, "Y": 256, "Width": 128, "Height": 32 },
         "ToArea": { "X": 96, "Y": 256, "Width": 128, "Height": 32 },
		 "When": {
				"ReplaceOwl": "true"
			}
        },
		{
         "Action": "EditImage",
         "Target": "TileSheets/critters",
         "FromFile": "assets/critters.png",
         "FromArea": { "X": 128, "Y": 32, "Width": 192, "Height": 32 },
         "ToArea": { "X": 128, "Y": 32, "Width": 192, "Height": 32 },
		 "When": {
				"ReplaceCrow": "true"
			}
        },
		{
         "Action": "EditImage",
         "Target": "TileSheets/critters",
         "FromFile": "assets/critters.png",
         "FromArea": { "X": 0, "Y": 64, "Width": 160, "Height": 32 },
         "ToArea": { "X": 0, "Y": 64, "Width": 160, "Height": 32 },
		 "When": {
				"ReplaceCrow": "true"
			}
        },
		{
         "Action": "EditImage",
         "Target": "TileSheets/critters",
         "FromFile": "assets/critters.png",
         "FromArea": { "X": 0, "Y": 224, "Width": 112, "Height": 16 },
         "ToArea": { "X": 0, "Y": 224, "Width": 112, "Height": 16 },
		 "When": {
				"ReplaceGreenFrog": "true"
			}
        },
		{
         "Action": "EditImage",
         "Target": "TileSheets/critters",
         "FromFile": "assets/critters.png",
         "FromArea": { "X": 0, "Y": 240, "Width": 112, "Height": 16 },
         "ToArea": { "X": 0, "Y": 240, "Width": 112, "Height": 16 },
		 "When": {
				"ReplaceYellowFrog": "true"
			}
        },
		{
         "Action": "EditImage",
         "Target": "TileSheets/critters",
         "FromFile": "assets/critters.png",
         "FromArea": { "X": 0, "Y": 256, "Width": 80, "Height": 32 },
         "ToArea": { "X": 0, "Y": 256, "Width": 80, "Height": 32 },
		 "When": {
				"ReplaceWoodpecker": "true"
			}
        },
		{
         "Action": "EditImage",
         "Target": "TileSheets/critters",
         "FromFile": "assets/critters.png",
         "FromArea": { "X": 160, "Y": 64, "Width": 160, "Height": 32 },
         "ToArea": { "X": 160, "Y": 64, "Width": 160, "Height": 32 },
		 "When": {
				"ReplaceSparrow": "true"
			}
        },
		{
         "Action": "EditImage",
         "Target": "TileSheets/critters",
         "FromFile": "assets/critters.png",
         "FromArea": { "X": 0, "Y": 96, "Width": 128, "Height": 32 },
         "ToArea": { "X": 0, "Y": 96, "Width": 128, "Height": 32 },
		 "When": {
				"ReplaceSparrow": "true"
			}
        },
		{
         "Action": "EditImage",
         "Target": "TileSheets/critters",
         "FromFile": "assets/critters.png",
         "FromArea": { "X": 160, "Y": 128, "Width": 160, "Height": 32 },
         "ToArea": { "X": 160, "Y": 128, "Width": 160, "Height": 32 },
		 "When": {
				"ReplaceBluebird": "true"
			}
        },
		{
         "Action": "EditImage",
         "Target": "TileSheets/critters",
         "FromFile": "assets/critters.png",
         "FromArea": { "X": 0, "Y": 160, "Width": 128, "Height": 32 },
         "ToArea": { "X": 0, "Y": 160, "Width": 128, "Height": 32 },
		 "When": {
				"ReplaceBluebird": "true"
			}
        },
	]
}