{
	"Name": "Goose_Mean_WA",
	"Type": "Walking",
	"EnableSpawnAtDayStart": false,
	"EnableCharacterCollision": false,
	"EnableFarmerCollision": true,
	"TravelSpeed": 1,
	"MaxIdleDistance": -1,
	"MaxDistanceBeforeTeleport": -1,
	"IdleBehavior": "Wander",
	"FrameSizeWidth": 24,
	"FrameSizeHeight": 24,

	// This plays when the companion travels upwards
	"UpAnimation": {
		"StartingFrame": 8,
		"NumberOfFrames": 4,
		"Duration": 500,
	"IdleAnimation": {
		"StartingFrame": 8,
		"NumberOfFrames": 4,
		"Duration": 500
	}
	},
	// This plays when the companion travels downwards
	"DownAnimation": {
		"StartingFrame": 0,
		"NumberOfFrames": 4,
		"Duration": 500,
    "IdleAnimation": {
		"ManualFrames": [
		{
        "Frame": 0,
        "Duration": 500,
		},
		{
        "Frame": 1,
        "Duration": 500,
		},
		{
        "Frame": 2,
        "Duration": 500,
		},
		{
        "Frame": 3,
        "Duration": 500,
		},
		{
        "Frame": 0,
        "Duration": 500,
		},
		{
        "Frame": 1,
        "Duration": 500,
		},
		{
        "Frame": 2,
        "Duration": 500,
		},
		{
        "Frame": 3,
        "Duration": 500,
		},
		{
        "Frame": 12,
        "Duration": 100,
		},
		{
        "Frame": 13,
        "Duration": 100,
		},
		{
        "Frame": 14,
        "Duration": 100,
		},
		{
        "Frame": 15,
        "Duration": 100,
		},
		{
        "Frame": 16,
        "Duration": 100,
		},
		{
        "Frame": 17,
        "Duration": 500,
		},
		{
        "Frame": 18,
        "Duration": 500,
		},
		{
        "Frame": 19,
        "Duration": 500,
		},
		{
        "Frame": 16,
        "Duration": 500,
		},
		{
        "Frame": 17,
        "Duration": 500,
		},
		{
        "Frame": 18,
        "Duration": 500,
		},
		{
        "Frame": 19,
        "Duration": 500,
		},
		{
        "Frame": 16,
        "Duration": 500,
		},
		{
        "Frame": 17,
        "Duration": 500,
		},
		{
        "Frame": 18,
        "Duration": 500,
		},
		{
        "Frame": 19,
        "Duration": 500,
		},
		{
        "Frame": 15,
        "Duration": 100,
		},
		{
        "Frame": 14,
        "Duration": 100,
		},
		{
        "Frame": 13,
        "Duration": 100,
		},
		{
        "Frame": 12,
        "Duration": 100,
		},
    ],
    }
	},
	// This plays when the companion travels left
	"LeftAnimation": {
		"ManualFrames": [
		{
		"Frame": 4,
		"Duration": 500,
		"Flip": true
		},
		{
		"Frame": 5,
		"Duration": 500,
		"Flip": true
		},
		{
		"Frame": 6,
		"Duration": 500,
		"Flip": true
		},
		{
		"Frame": 7,
		"Duration": 500,
		"Flip": true
		}
		],
    "IdleAnimation": {
		"ManualFrames": [
		{
        "Frame": 4,
        "Duration": 500,
		"Flip": true
		},
		{
        "Frame": 5,
        "Duration": 500,
		"Flip": true
		},
		{
        "Frame": 6,
        "Duration": 500,
		"Flip": true
		},
		{
        "Frame": 7,
        "Duration": 500,
		"Flip": true
		},
		{
        "Frame": 4,
        "Duration": 500,
		"Flip": true
		},
		{
        "Frame": 5,
        "Duration": 500,
		"Flip": true
		},
		{
        "Frame": 6,
        "Duration": 500,
		"Flip": true
		},
		{
        "Frame": 7,
        "Duration": 500,
		"Flip": true
		},
		{
        "Frame": 20,
        "Duration": 100,
		"Flip": true
		},
		{
        "Frame": 21,
        "Duration": 100,
		"Flip": true
		},
		{
        "Frame": 22,
        "Duration": 100,
		"Flip": true
		},
		{
        "Frame": 23,
        "Duration": 100,
		"Flip": true
		},
		{
        "Frame": 24,
        "Duration": 100,
		"Flip": true
		},
		{
        "Frame": 25,
        "Duration": 100,
		"Flip": true
		},
		{
        "Frame": 26,
        "Duration": 100,
		"Flip": true
		},
		{
        "Frame": 27,
        "Duration": 100,
		"Flip": true
		},
		{
        "Frame": 28,
        "Duration": 100,
		"Flip": true
		},
		{
        "Frame": 29,
        "Duration": 100,
		"Flip": true
		},
		{
        "Frame": 30,
        "Duration": 100,
		"Flip": true
		},
		{
        "Frame": 31,
        "Duration": 100,
		"Flip": true
		},
		{
        "Frame": 32,
        "Duration": 100,
		"Flip": true
		},
		{
        "Frame": 33,
        "Duration": 100,
		"Flip": true
		},
		{
        "Frame": 34,
        "Duration": 100,
		"Flip": true
		},
		{
        "Frame": 35,
        "Duration": 100,
		"Flip": true
		},
		{
        "Frame": 36,
        "Duration": 100,
		"Flip": true
		},
		{
        "Frame": 37,
        "Duration": 100,
		"Flip": true
		},
		{
        "Frame": 38,
        "Duration": 100,
		"Flip": true
		},
		{
        "Frame": 39,
        "Duration": 100,
		"Flip": true
		},
		{
        "Frame": 40,
        "Duration": 100,
		"Flip": true
		},
		{
        "Frame": 20,
        "Duration": 100,
		"Flip": true
		},
		{
        "Frame": 4,
        "Duration": 400,
		"Flip": true
		},
		{
        "Frame": 5,
        "Duration": 500,
		"Flip": true
		},
		{
        "Frame": 6,
        "Duration": 500,
		"Flip": true
		},
		{
        "Frame": 7,
        "Duration": 500,
		"Flip": true
		},
    ],
    }
	},
	// This plays when the companion travels right
	"RightAnimation": {
		"StartingFrame": 4,
		"NumberOfFrames": 4,
		"Duration": 500,
    "IdleAnimation": {
		"ManualFrames": [
		{
        "Frame": 4,
        "Duration": 500,
		},
		{
        "Frame": 5,
        "Duration": 500,
		},
		{
        "Frame": 6,
        "Duration": 500,
		},
		{
        "Frame": 7,
        "Duration": 500,
		},
		{
        "Frame": 4,
        "Duration": 500,
		},
		{
        "Frame": 5,
        "Duration": 500,
		},
		{
        "Frame": 6,
        "Duration": 500,
		},
		{
        "Frame": 7,
        "Duration": 500,
		},
		{
        "Frame": 20,
        "Duration": 100,
		},
		{
        "Frame": 21,
        "Duration": 100,
		},
		{
        "Frame": 22,
        "Duration": 100,
		},
		{
        "Frame": 23,
        "Duration": 100,
		},
		{
        "Frame": 24,
        "Duration": 100,
		},
		{
        "Frame": 25,
        "Duration": 100,
		},
		{
        "Frame": 26,
        "Duration": 100,
		},
		{
        "Frame": 27,
        "Duration": 100,
		},
		{
        "Frame": 28,
        "Duration": 100,
		},
		{
        "Frame": 29,
        "Duration": 100,
		},
		{
        "Frame": 30,
        "Duration": 100,
		},
		{
        "Frame": 31,
        "Duration": 100,
		},
		{
        "Frame": 32,
        "Duration": 100,
		},
		{
        "Frame": 33,
        "Duration": 100,
		},
		{
        "Frame": 34,
        "Duration": 100,
		},
		{
        "Frame": 35,
        "Duration": 100,
		},
		{
        "Frame": 36,
        "Duration": 100,
		},
		{
        "Frame": 37,
        "Duration": 100,
		},
		{
        "Frame": 38,
        "Duration": 100,
		},
		{
        "Frame": 39,
        "Duration": 100,
		},
		{
        "Frame": 40,
        "Duration": 100,
		},
		{
        "Frame": 20,
        "Duration": 100,
		},
		{
        "Frame": 4,
        "Duration": 400,
		},
		{
        "Frame": 5,
        "Duration": 500,
		},
		{
        "Frame": 6,
        "Duration": 500,
		},
		{
        "Frame": 7,
        "Duration": 500,
		},
    ],
    }
	},

	// Follower Data
	"MinTilesForNearby": 2,
	"UpdateWhenPlayerNearby": {
	"Name": "Goose_Mean_WA",
	"Type": "Walking",
	"TravelSpeed": 1,
	"EnableCharacterCollision": false,
	"EnableFarmerCollision": true,
	"MaxIdleDistance": -1,
	"MaxDistanceBeforeTeleport": -1,
	"IdleBehavior": "Follow",
	"FrameSizeWidth": 24,
	"FrameSizeHeight": 24,
	"ResetWhenPlayerAway": true,
	"MinTilesForAway": 4,

	// This plays when the companion travels upwards
	"UpAnimation": {
		"StartingFrame": 8,
		"NumberOfFrames": 4,
		"Duration": 500,
    "IdleAnimation": {
		"StartingFrame": 8,
		"NumberOfFrames": 4,
		"Duration": 500,
    }
	},
	// This plays when the companion travels downwards
	"DownAnimation": {
		"StartingFrame": 0,
		"NumberOfFrames": 4,
		"Duration": 500,
    "IdleAnimation": {
		"StartingFrame": 0,
		"NumberOfFrames": 4,
		"Duration": 500,
    }
	},
	// This plays when the companion travels left
	"LeftAnimation": {
		"ManualFrames": [
		{
		"Frame": 4,
		"Duration": 500,
		"Flip": true
		},
		{
		"Frame": 5,
		"Duration": 500,
		"Flip": true
		},
		{
		"Frame": 6,
		"Duration": 500,
		"Flip": true
		},
		{
		"Frame": 7,
		"Duration": 500,
		"Flip": true
		}
		],
    "IdleAnimation": {
		"ManualFrames": [
		{
        "Frame": 4,
        "Duration": 500,
		"Flip": true
		},
		{
        "Frame": 5,
        "Duration": 500,
		"Flip": true
		},
		{
        "Frame": 6,
        "Duration": 500,
		"Flip": true
		},
		{
        "Frame": 7,
        "Duration": 500,
		"Flip": true
		},
    ],
    }
	},
	// This plays when the companion travels right
	"RightAnimation": {
		"StartingFrame": 4,
		"NumberOfFrames": 4,
		"Duration": 500,
    "IdleAnimation": {
		"StartingFrame": 4,
		"NumberOfFrames": 4,
		"Duration": 500,
    }
	},
	"OverheadTexts": [
		{
		"Text": "!",
		"ChanceWeight": 0.1,
		"TextLifetime": 3000
		}
	],
	"Sounds": [
		{
		"SoundName": "waterSlosh",
		"WhenToPlay": "Moving",
		"TimeBetweenSound": 2000
		},
		{
		"SoundName": "Duck",
		"WhenToPlay": "Idle",
		"Pitch": "5",
		"TimeBetweenSound": 2000,
		"ChanceOfPlaying": 0.5
		}
	]
  },

"Sounds": [
	{
	"SoundName": "waterSlosh",
	"WhenToPlay": "Moving",
	"TimeBetweenSound": 2000
	},
	{
	"SoundName": "Duck",
	"WhenToPlay": "Idle",
	"Pitch": "5",
	"TimeBetweenSound": 5000,
	"ChanceOfPlaying": 0.2
	}
]  
}