{
	"Name": "PelicanSwimming_WA",
	"Type": "Walking",
	"EnableSpawnAtDayStart": false,
	"EnableCharacterCollision": false,
	"EnableFarmerCollision": true,
	"TravelSpeed": 1,
	"MaxIdleDistance": -1,
	"MaxDistanceBeforeTeleport": -1,
	"IdleBehavior": "Wander",
	"FrameSizeWidth": 24,
	"FrameSizeHeight": 24,

	// This plays when the companion travels upwards
	"UpAnimation": {
		"StartingFrame": 8,
		"NumberOfFrames": 4,
		"Duration": 500,
	"IdleAnimation": {
		"StartingFrame": 8,
		"NumberOfFrames": 4,
		"Duration": 500
	}
	},
	// This plays when the companion travels downwards
	"DownAnimation": {
		"StartingFrame": 0,
		"NumberOfFrames": 4,
		"Duration": 500,
	"IdleAnimation": {
		"StartingFrame": 0,
		"NumberOfFrames": 4,
		"Duration": 500
	}
	},
	// This plays when the companion travels left
	"LeftAnimation": {
		"ManualFrames": [
		{
		"Frame": 4,
		"Duration": 500,
		"Flip": true
		},
		{
		"Frame": 5,
		"Duration": 500,
		"Flip": true
		},
		{
		"Frame": 6,
		"Duration": 500,
		"Flip": true
		},
		{
		"Frame": 7,
		"Duration": 500,
		"Flip": true
		}
		],
    "IdleAnimation": {
		"ManualFrames": [
		{
        "Frame": 4,
        "Duration": 500,
		"Flip": true
		},
		{
        "Frame": 5,
        "Duration": 500,
		"Flip": true
		},
		{
        "Frame": 6,
        "Duration": 500,
		"Flip": true
		},
		{
        "Frame": 7,
        "Duration": 500,
		"Flip": true
		},
		{
        "Frame": 4,
        "Duration": 500,
		"Flip": true
		},
		{
        "Frame": 5,
        "Duration": 500,
		"Flip": true
		},
		{
        "Frame": 6,
        "Duration": 500,
		"Flip": true
		},
		{
        "Frame": 7,
        "Duration": 500,
		"Flip": true
		},
		{
        "Frame": 4,
        "Duration": 500,
		"Flip": true
		},
		{
        "Frame": 12,
        "Duration": 100,
		"Flip": true
		},
		{
        "Frame": 13,
        "Duration": 100,
		"Flip": true
		},
		{
        "Frame": 14,
        "Duration": 100,
		"Flip": true
		},
		{
        "Frame": 15,
        "Duration": 100,
		"Flip": true
		},
		{
        "Frame": 16,
        "Duration": 100,
		"Flip": true
		},
		{
        "Frame": 17,
        "Duration": 100,
		"Flip": true
		},
		{
        "Frame": 18,
        "Duration": 100,
		"Flip": true
		},
		{
        "Frame": 19,
        "Duration": 100,
		"Flip": true
		},
		{
        "Frame": 20,
        "Duration": 100,
		"Flip": true
		},
		{
        "Frame": 21,
        "Duration": 100,
		"Flip": true
		},
		{
        "Frame": 22,
        "Duration": 100,
		"Flip": true
		},
		{
        "Frame": 23,
        "Duration": 100,
		"Flip": true
		},
		{
        "Frame": 24,
        "Duration": 100,
		"Flip": true
		},
		{
        "Frame": 25,
        "Duration": 100,
		"Flip": true
		},
		{
        "Frame": 26,
        "Duration": 100,
		"Flip": true
		},
		{
        "Frame": 27,
        "Duration": 250,
		"Flip": true
		},
		{
        "Frame": 28,
        "Duration": 250,
		"Flip": true
		},
		{
        "Frame": 29,
        "Duration": 250,
		"Flip": true
		},
		{
        "Frame": 30,
        "Duration": 250,
		"Flip": true
		},
		{
        "Frame": 31,
        "Duration": 250,
		"Flip": true
		},
		{
        "Frame": 32,
        "Duration": 250,
		"Flip": true
		},
		{
        "Frame": 33,
        "Duration": 250,
		"Flip": true
		},
		{
        "Frame": 34,
        "Duration": 250,
		"Flip": true
		},
		{
        "Frame": 35,
        "Duration": 100,
		"Flip": true
		},
		{
        "Frame": 36,
        "Duration": 100,
		"Flip": true
		},
		{
        "Frame": 37,
        "Duration": 100,
		"Flip": true
		},
		{
        "Frame": 38,
        "Duration": 100,
		"Flip": true
		},
		{
        "Frame": 39,
        "Duration": 100,
		"Flip": true
		},
		{
        "Frame": 40,
        "Duration": 100,
		"Flip": true
		},
		{
        "Frame": 41,
        "Duration": 100,
		"Flip": true
		},
		{
        "Frame": 42,
        "Duration": 100,
		"Flip": true
		},
		{
        "Frame": 43,
        "Duration": 100,
		"Flip": true
		},
		{
        "Frame": 44,
        "Duration": 100,
		"Flip": true
		},
		{
        "Frame": 45,
        "Duration": 100,
		"Flip": true
		},
		{
        "Frame": 46,
        "Duration": 100,
		"Flip": true
		},
		{
        "Frame": 47,
        "Duration": 100,
		"Flip": true
		},
		{
        "Frame": 48,
        "Duration": 100,
		"Flip": true
		},
		{
        "Frame": 49,
        "Duration": 100,
		"Flip": true
		},
		{
        "Frame": 7,
        "Duration": 500,
		"Flip": true
		},
    ],
    }
	},
	// This plays when the companion travels right
	"RightAnimation": {
		"StartingFrame": 4,
		"NumberOfFrames": 4,
		"Duration": 500,
    "IdleAnimation": {
		"ManualFrames": [
		{
        "Frame": 4,
        "Duration": 500,
		},
		{
        "Frame": 5,
        "Duration": 500,
		},
		{
        "Frame": 6,
        "Duration": 500,
		},
		{
        "Frame": 7,
        "Duration": 500,
		},
		{
        "Frame": 4,
        "Duration": 500,
		},
		{
        "Frame": 5,
        "Duration": 500,
		},
		{
        "Frame": 6,
        "Duration": 500,
		},
		{
        "Frame": 7,
        "Duration": 500,
		},
		{
        "Frame": 4,
        "Duration": 500,
		},
		{
        "Frame": 12,
        "Duration": 100,
		},
		{
        "Frame": 13,
        "Duration": 100,
		},
		{
        "Frame": 14,
        "Duration": 100,
		},
		{
        "Frame": 15,
        "Duration": 100,
		},
		{
        "Frame": 16,
        "Duration": 100,
		},
		{
        "Frame": 17,
        "Duration": 100,
		},
		{
        "Frame": 18,
        "Duration": 100,
		},
		{
        "Frame": 19,
        "Duration": 100,
		},
		{
        "Frame": 20,
        "Duration": 100,
		},
		{
        "Frame": 21,
        "Duration": 100,
		},
		{
        "Frame": 22,
        "Duration": 100,
		},
		{
        "Frame": 23,
        "Duration": 100,
		},
		{
        "Frame": 24,
        "Duration": 100,
		},
		{
        "Frame": 25,
        "Duration": 100,
		},
		{
        "Frame": 26,
        "Duration": 100,
		},
		{
        "Frame": 27,
        "Duration": 250,
		},
		{
        "Frame": 28,
        "Duration": 250,
		},
		{
        "Frame": 29,
        "Duration": 250,
		},
		{
        "Frame": 30,
        "Duration": 250,
		},
		{
        "Frame": 31,
        "Duration": 250,
		},
		{
        "Frame": 32,
        "Duration": 250,
		},
		{
        "Frame": 33,
        "Duration": 250,
		},
		{
        "Frame": 34,
        "Duration": 250,
		},
		{
        "Frame": 35,
        "Duration": 100,
		},
		{
        "Frame": 36,
        "Duration": 100,
		},
		{
        "Frame": 37,
        "Duration": 100,
		},
		{
        "Frame": 38,
        "Duration": 100,
		},
		{
        "Frame": 39,
        "Duration": 100,
		},
		{
        "Frame": 40,
        "Duration": 100,
		},
		{
        "Frame": 41,
        "Duration": 100,
		},
		{
        "Frame": 42,
        "Duration": 100,
		},
		{
        "Frame": 43,
        "Duration": 100,
		},
		{
        "Frame": 44,
        "Duration": 100,
		},
		{
        "Frame": 45,
        "Duration": 100,
		},
		{
        "Frame": 46,
        "Duration": 100,
		},
		{
        "Frame": 47,
        "Duration": 100,
		},
		{
        "Frame": 48,
        "Duration": 100,
		},
		{
        "Frame": 49,
        "Duration": 100,
		},
		{
        "Frame": 7,
        "Duration": 500,
		},
    ],
    }
	},

"Sounds": [
	{
	"SoundName": "waterSlosh",
	"WhenToPlay": "Moving",
	"TimeBetweenSound": 2000
	},
	{
	"SoundName": "seagulls",
	"WhenToPlay": "Idle",
	"TimeBetweenSound": 5000,
	"ChanceOfPlaying": 0.1
	}
]  
}