{
  "Name": "Rooster Egg",
  "Description": "An egg laid by a rooster?! How is this possible?",
  "Category": "Egg",
  "Edibility": -20,
  "EdibleIsFood": true,
  "EdibleBuffs": null,
  "Price": 270,
  "IsColored": false,
  "GiftTastes": {
	"Love": ["Wizard"],
        "Neutral": ["Krobus"],
	"Dislike": ["Jodi", "Kent", "Leah", "Shane", "Marnie", "Maru", "Pam", "Penny", "Pierre", "Robin", "Sam", "Sandy", "Leah", "Willy", "Lewis", "Linus", "Alex", "Caroline", "Clint", "Demetrius", "Dwarf", "Elliott", "Abigail"],
	},
	"ContextTags": 
        [
        "color_white",
		"food_item",
		"egg_item", 
		"rooster_egg_item"
        ],
}