{
	"Name": "Chick_WA",
	"Type": "Walking",
	"Scale": 0.8,
	"EnableSpawnAtDayStart": false,
	"EnableCharacterCollision": false,
	"EnableFarmerCollision": false,
	"EnableShadow": true,
	"TravelSpeed": 2,
	"MaxIdleDistance": -1,
	"MaxDistanceBeforeTeleport": -1,
	"IdleBehavior": "Wander",
	"FrameSizeWidth": 16,
	"FrameSizeHeight": 16,

	// This plays when the companion travels upwards
	"UpAnimation": {
		"StartingFrame": 8,
		"NumberOfFrames": 4,
		"Duration": 100,
	"IdleAnimation": {
		"ManualFrames": [
		{
		"Frame": 8,
		"Duration": 2000
		},
		{
		"Frame": 20,
		"Duration": 100
		},
		{
		"Frame": 21,
		"Duration": 100
		},
		{
		"Frame": 20,
		"Duration": 100
		},
		{
		"Frame": 21,
		"Duration": 100
		},
		{
		"Frame": 20,
		"Duration": 100
		},
		]
	}
	},
	// This plays when the companion travels downwards
	"DownAnimation": {
		"StartingFrame": 0,
		"NumberOfFrames": 4,
		"Duration": 100,
	"IdleAnimation": {
		"ManualFrames": [
		{
		"Frame": 0,
		"Duration": 2000
		},
		{
		"Frame": 24,
		"Duration": 150
		},
		{
		"Frame": 25,
		"Duration": 150
		},
		{
		"Frame": 26,
		"Duration": 250
		},
		{
		"Frame": 27,
		"Duration": 250
		},
		{
		"Frame": 26,
		"Duration": 250
		},
		{
		"Frame": 27,
		"Duration": 250
		},
		{
		"Frame": 26,
		"Duration": 250
		},
		{
		"Frame": 27,
		"Duration": 250
		},
		{
		"Frame": 26,
		"Duration": 250
		},
		{
		"Frame": 25,
		"Duration": 150
		},
		{
		"Frame": 24,
		"Duration": 150
		},
		]
	}
	},
	// This plays when the companion travels left
	"LeftAnimation": {
		"ManualFrames": [
		{
		"Frame": 4,
		"Duration": 100,
		"Flip": true
		},
		{
		"Frame": 5,
		"Duration": 100,
		"Flip": true
		},
		{
		"Frame": 6,
		"Duration": 100,
		"Flip": true
		},
		{
		"Frame": 7,
		"Duration": 100,
		"Flip": true
		}
		],
	"IdleAnimation": {
		"ManualFrames": [
		{
		"Frame": 4,
		"Duration": 3000,
		"Flip": true
		},
		{
		"Frame": 22,
		"Duration": 250,
		"Flip": true
		},
		{
		"Frame": 23,
		"Duration": 250,
		"Flip": true
		},
		{
		"Frame": 22,
		"Duration": 250,
		"Flip": true
		},
		{
		"Frame": 23,
		"Duration": 250,
		"Flip": true
		},
		{
		"Frame": 22,
		"Duration": 250,
		"Flip": true
		},
		{
		"Frame": 23,
		"Duration": 250,
		"Flip": true
		},
		{
		"Frame": 22,
		"Duration": 250,
		"Flip": true
		},
		]
	}
	},
	// This plays when the companion travels right
	"RightAnimation": {
		"StartingFrame": 4,
		"NumberOfFrames": 4,
		"Duration": 100,
	"IdleAnimation": {
		"ManualFrames": [
		{
		"Frame": 4,
		"Duration": 3000
		},
		{
		"Frame": 18,
		"Duration": 250
		},
		{
		"Frame": 19,
		"Duration": 500
		},
		{
		"Frame": 18,
		"Duration": 150
		},
		]
	}
	},

"Sounds": [
	{
	"SoundName": "SpringBirds",
	"WhenToPlay": "Idle",
	"TimeBetweenSound": 5000,
	"ChanceOfPlaying": 0.5
	}
]  
}