{
	"Name": "Turtle_Timid_WA",
	"Type": "Walking",
	"EnableSpawnAtDayStart": false,
	"EnableCharacterCollision": false,
	"EnableFarmerCollision": false,
	"TravelSpeed": 1,
	"MaxIdleDistance": -1,
	"MaxDistanceBeforeTeleport": -1,
	"IdleBehavior": "Wander",
	"FrameSizeWidth": 32,
	"FrameSizeHeight": 32,
	"TileSheetPath": "Characters\\Turtle_WA",

	// This plays when the companion travels upwards
	"UpAnimation": {
		"StartingFrame": 8,
		"NumberOfFrames": 4,
		"Duration": 350,
    "IdleAnimation": {
		"StartingFrame": 8,
		"NumberOfFrames": 1,
		"Duration": 3000,
    }
  },
	// This plays when the companion travels downwards
	"DownAnimation": {
		"StartingFrame": 0,
		"NumberOfFrames": 4,
		"Duration": 350,
    "IdleAnimation": {
		"ManualFrames": [
		{
        "Frame": 0,
        "Duration": 1000,
		},
		{
        "Frame": 17,
        "Duration": 500,
		},
		{
        "Frame": 0,
        "Duration": 500,
		},
		{
        "Frame": 18,
        "Duration": 500,
		},
    ],
    }
  },
	// This plays when the companion travels left
	"LeftAnimation": {
		"ManualFrames": [
		{
		"Frame": 4,
		"Duration": 350,
		"Flip": true
		},
		{
		"Frame": 5,
		"Duration": 350,
		"Flip": true
		},
		{
		"Frame": 6,
		"Duration": 350,
		"Flip": true
		},
		{
		"Frame": 7,
		"Duration": 350,
		"Flip": true
		}
		],
    "IdleAnimation": {
		"ManualFrames": [
		{
        "Frame": 4,
        "Duration": 3000,
		"Flip": true
		},
    ],
    }
  },
	// This plays when the companion travels right
	"RightAnimation": {
		"StartingFrame": 4,
		"NumberOfFrames": 4,
		"Duration": 350,
    "IdleAnimation": {
		"StartingFrame": 4,
		"NumberOfFrames": 1,
		"Duration": 3000,
    }
  },

	// Follower Data
	"MinTilesForNearby": 3,
	"UpdateWhenPlayerNearby": {
	"Name": "Turtle_Timid_WA",
	"Type": "Walking",
	"TravelSpeed": 1,
	"EnableCharacterCollision": false,
	"EnableFarmerCollision": false,
	"MaxIdleDistance": -1,
	"MaxDistanceBeforeTeleport": -1,
	"IdleBehavior": "Nothing",
	"FrameSizeWidth": 32,
	"FrameSizeHeight": 32,
	"ResetWhenPlayerAway": true,
	"MinTilesForAway": 5,

	"UniformAnimation": {
		"ManualFrames": [
		{
		"Frame": 0,
		"Duration": 100,
		"PlayOnlyOnce": true
		},
		{
		"Frame": 12,
		"Duration": 150,
		"PlayOnlyOnce": true
		},
		{
		"Frame": 13,
		"Duration": 150,
		"PlayOnlyOnce": true
		},
		{
		"Frame": 14,
		"Duration": 150,
		"PlayOnlyOnce": true
		},
		{
		"Frame": 15,
		"Duration": 150
		},
		],
	},
	"OverheadTexts": [
		{
		"Text": "!",
		"ChanceWeight": 0.1,
		"TextLifetime": 3000
		}
	],
  },
}