{
    "Format": "2.0.0",
    "Changes": [
        {
            "Action": "Load",
            "Target": "Mods/skellady.RaccoonPet/Raccoon1, Mods/skellady.RaccoonPet/Raccoon2, Mods/skellady.RaccoonPet/RaccoonIcon1, Mods/skellady.RaccoonPet/RaccoonIcon2",
            "FromFile": "Assets/{{TargetWithoutPath}}.png"
        },
        {
            "LogName": "Add Raccoon 1",
            "Action": "EditData",
            "Target": "Data/Pets",
            "TargetField": [
                "Cat",
                "Breeds"
            ],
            "Entries": {
                "skellady.RaccoonPet.Raccoon1": {
                    "Id": "skellady.RaccoonPet.Raccoon1",
                    "Texture": "Mods\\skellady.RaccoonPet\\Raccoon1",
                    "IconTexture": "Mods\\skellady.RaccoonPet\\RaccoonIcon1",
                    "IconSourceRect": {
                        "X": 0,
                        "Y": 0,
                        "Width": 16,
                        "Height": 16
                    },
                    "CanBeChosenAtStart": true,
                    "CanBeAdoptedFromMarnie": true,
                    "AdoptionPrice": 40000,
                    "BarkOverride": "rabbit",
                }
            }
        },
        {
            "LogName": "Add Raccoon 2",
            "Action": "EditData",
            "Target": "Data/Pets",
            "TargetField": [
                "Cat",
                "Breeds"
            ],
            "Entries": {
                "skellady.RaccoonPet.Raccoon2": {
                    "Id": "skellady.RaccoonPet.Raccoon2",
                    "Texture": "Mods\\skellady.RaccoonPet\\Raccoon2",
                    "IconTexture": "Mods\\skellady.RaccoonPet\\RaccoonIcon2",
                    "IconSourceRect": {
                        "X": 0,
                        "Y": 0,
                        "Width": 16,
                        "Height": 16
                    },
                    "CanBeChosenAtStart": true,
                    "CanBeAdoptedFromMarnie": true,
                    "AdoptionPrice": 40000,
                    "BarkOverride": "rabbit",
                }
            }
        },
    ]
}