{
	"Name": "Armadillo_WA",
	"Type": "Walking",
	"EnableSpawnAtDayStart": false,
	"EnableCharacterCollision": false,
	"EnableFarmerCollision": false,
	"TravelSpeed": 2,
	"MaxIdleDistance": -1,
	"MaxDistanceBeforeTeleport": -1,
	"IdleBehavior": "Wander",
	"FrameSizeWidth": 32,
	"FrameSizeHeight": 32,

	// This plays when the companion travels upwards
	"UpAnimation": {
		"StartingFrame": 8,
		"NumberOfFrames": 4,
		"Duration": 100,
    "IdleAnimation": {
		"ManualFrames": [
		{
        "Frame": 8,
        "Duration": 3000,
		},
		{
        "Frame": 15,
        "Duration": 100,
		},
		{
        "Frame": 8,
        "Duration": 100,
		},
		{
        "Frame": 19,
        "Duration": 100,
		},
		{
        "Frame": 8,
        "Duration": 100,
		},
		{
        "Frame": 15,
        "Duration": 100,
		},
		{
        "Frame": 8,
        "Duration": 100,
		},
		{
        "Frame": 19,
        "Duration": 100,
		},
		{
        "Frame": 8,
        "Duration": 100,
		},
    ],
    }
  },
	// This plays when the companion travels downwards
	"DownAnimation": {
		"StartingFrame": 0,
		"NumberOfFrames": 4,
		"Duration": 100,
    "IdleAnimation": {
		"ManualFrames": [
		{
        "Frame": 0,
        "Duration": 3000,
		},
		{
        "Frame": 12,
        "Duration": 1000,
		},
		{
        "Frame": 13,
        "Duration": 100,
		},
		{
        "Frame": 12,
        "Duration": 100,
		},
		{
        "Frame": 14,
        "Duration": 100,
		},
		{
        "Frame": 12,
        "Duration": 100,
		},
		{
        "Frame": 13,
        "Duration": 100,
		},
		{
        "Frame": 12,
        "Duration": 100,
		},
		{
        "Frame": 14,
        "Duration": 100,
		},
		{
        "Frame": 12,
        "Duration": 100,
		},
		{
        "Frame": 13,
        "Duration": 100,
		},
		{
        "Frame": 12,
        "Duration": 100,
		},
		{
        "Frame": 14,
        "Duration": 100,
		},
    ],
    }
  },
	// This plays when the companion travels left
	"LeftAnimation": {
		"ManualFrames": [
		{
		"Frame": 4,
		"Duration": 100,
		"Flip": true
		},
		{
		"Frame": 5,
		"Duration": 100,
		"Flip": true
		},
		{
		"Frame": 6,
		"Duration": 100,
		"Flip": true
		},
		{
		"Frame": 7,
		"Duration": 100,
		"Flip": true
		}
		],
    "IdleAnimation": {
		"ManualFrames": [
		{
        "Frame": 4,
        "Duration": 3000,
		"Flip": true
		},
		{
        "Frame": 16,
        "Duration": 100,
		"Flip": true
		},
		{
        "Frame": 17,
        "Duration": 100,
		"Flip": true
		},
		{
        "Frame": 18,
        "Duration": 500,
		"Flip": true
		},
		{
        "Frame": 17,
        "Duration": 500,
		"Flip": true
		},
		{
        "Frame": 18,
        "Duration": 500,
		"Flip": true
		},
		{
        "Frame": 17,
        "Duration": 100,
		"Flip": true
		},
		{
        "Frame": 16,
        "Duration": 100,
		"Flip": true
		},
    ],
    }
  },
	// This plays when the companion travels right
	"RightAnimation": {
		"StartingFrame": 4,
		"NumberOfFrames": 4,
		"Duration": 100,
    "IdleAnimation": {
		"ManualFrames": [
		{
        "Frame": 4,
        "Duration": 3000
		},
		{
        "Frame": 16,
        "Duration": 100
		},
		{
        "Frame": 17,
        "Duration": 100
		},
		{
        "Frame": 18,
        "Duration": 500
		},
		{
        "Frame": 17,
        "Duration": 500
		},
		{
        "Frame": 18,
        "Duration": 500
		},
		{
        "Frame": 17,
        "Duration": 100
		},
		{
        "Frame": 16,
        "Duration": 100
		},
    ],
    }
  },

	// Follower Data
	"MinTilesForNearby": 3,
	"UpdateWhenPlayerNearby": {
	"Name": "Armadillo_WA",
	"Type": "Walking",
	"TravelSpeed": 2,
	"EnableCharacterCollision": false,
	"EnableFarmerCollision": false,
	"MaxIdleDistance": -1,
	"MaxDistanceBeforeTeleport": -1,
	"IdleBehavior": "Nothing",
	"FrameSizeWidth": 32,
	"FrameSizeHeight": 32,
	"ResetWhenPlayerAway": true,
	"MinTilesForAway": 5,

	"UniformAnimation": {
		"ManualFrames": [
		{
		"Frame": 0,
		"Duration": 100,
		"PlayOnlyOnce": true
		},
		{
		"Frame": 20,
		"Duration": 100,
		"PlayOnlyOnce": true
		},
		{
		"Frame": 21,
		"Duration": 100,
		"PlayOnlyOnce": true
		},
		{
		"Frame": 22,
		"Duration": 100,
		"PlayOnlyOnce": true
		},
		{
		"Frame": 23,
		"Duration": 100
		},
		],
	},
	"OverheadTexts": [
		{
		"Text": "!",
		"ChanceWeight": 0.1,
		"TextLifetime": 3000
		}
	],
  },
}